region,municipality,students,year,metadata,city
თბილისი,თბილისი,170814,2006,"მოსწავლეთა რიცხოვნობა საჯარო და კერძო ზოგადსაგანმანათლებლო დაწესებულებებში მუნიციპალიტეტების მიხედვით                                                                                                                                                                                                  (სასწავლო წლის დასაწყისისათვის, კაცი)",დედაქალაქი
აფხაზეთის არ,აფხაზეთი,3233,2006,,აფხაზეთი
აჭარის არ,ბათუმი,22611,2006,,დიდი ქალაქები
აჭარის არ,ქედა,3270,2006,,მაღალმთიანი
აჭარის არ,ქობულეთი,13406,2006,,10 ქალაქები
აჭარის არ,შუახევი,3818,2006,,მაღალმთიანი
აჭარის არ,ხელვაჩაური,13141,2006,,10 ქალაქები
აჭარის არ,ხულო,6303,2006,,მაღალმთიანი
გურია,ლანჩხუთი,4965,2006,,მუნიციპალიტეტები
გურია,ოზურგეთი,10738,2006,,10 ქალაქები
გურია,ჩოხატაური,3339,2006,,პატარა ქალაქები
იმერეთი,ქუთაისი,28862,2006,,დიდი ქალაქები
იმერეთი,ტყიბული,3331,2006,,პატარა ქალაქები
იმერეთი,წყალტუბო,8222,2006,,მუნიციპალიტეტები
იმერეთი,ჭიათური,7416,2006,,მუნიციპალიტეტები
იმერეთი,ბაღდათი,3632,2006,,პატარა ქალაქები
იმერეთი,ვანი,4237,2006,,პატარა ქალაქები
იმერეთი,ზესტაფონი,10573,2006,,10 ქალაქები
იმერეთი,თერჯოლა,5485,2006,,მუნიციპალიტეტები
იმერეთი,სამტრედია,8382,2006,,მუნიციპალიტეტები
იმერეთი,საჩხერე,6310,2006,,მუნიციპალიტეტები
იმერეთი,ხარაგაული,3315,2006,,პატარა ქალაქები
იმერეთი,ხონი,3998,2006,,პატარა ქალაქები
კახეთი,ახმეტა,5912,2006,,მუნიციპალიტეტები
კახეთი,გურჯაანი,8403,2006,,მუნიციპალიტეტები
კახეთი,დედოფლისწყარო,3952,2006,,პატარა ქალაქები
კახეთი,თელავი,9516,2006,,10 ქალაქები
კახეთი,ლაგოდეხი,7608,2006,,მუნიციპალიტეტები
კახეთი,საგარეჯო,7750,2006,,მუნიციპალიტეტები
კახეთი,სიღნაღი,5082,2006,,მუნიციპალიტეტები
კახეთი,ყვარლი,5284,2006,,მუნიციპალიტეტები
მცხეთა–მთიანეთი,ახალგორი,1193,2006,,პატარა ქალაქები
მცხეთა–მთიანეთი,დუშეთი,4405,2006,,მაღალმთიანი
მცხეთა–მთიანეთი,თიანეთი,1694,2006,,პატარა ქალაქები
მცხეთა–მთიანეთი,მცხეთა,8489,2006,,მუნიციპალიტეტები
მცხეთა–მთიანეთი,ყაზბეგი,667,2006,,მაღალმთიანი
რაჭა-ლეჩხუმი და ქვემო სვანეთი,ამბროლაური,1553,2006,,მაღალმთიანი
რაჭა-ლეჩხუმი და ქვემო სვანეთი,ლენტეხი,1063,2006,,მაღალმთიანი
რაჭა-ლეჩხუმი და ქვემო სვანეთი,ონი,853,2006,,მაღალმთიანი
რაჭა-ლეჩხუმი და ქვემო სვანეთი,ცაგერი,1666,2006,,მაღალმთიანი
სამეგრელო–ზემო სვანეთი,ფოთი,6878,2006,,მუნიციპალიტეტები
სამეგრელო–ზემო სვანეთი,აბაშა,3902,2006,,პატარა ქალაქები
სამეგრელო–ზემო სვანეთი,ზუგდიდი,17531,2006,,დიდი ქალაქები
სამეგრელო–ზემო სვანეთი,მარტვილი,5947,2006,,მუნიციპალიტეტები
სამეგრელო–ზემო სვანეთი,მესტია,2317,2006,,მაღალმთიანი
სამეგრელო–ზემო სვანეთი,სენაკი,6520,2006,,მუნიციპალიტეტები
სამეგრელო–ზემო სვანეთი,ჩხოროწყუ,3560,2006,,პატარა ქალაქები
სამეგრელო–ზემო სვანეთი,წალენჯიხა,5209,2006,,მუნიციპალიტეტები
სამეგრელო–ზემო სვანეთი,ხობი,4905,2006,,მუნიციპალიტეტები
სამცხე–ჯავახეთი,ადიგენი,3219,2006,,პატარა ქალაქები
სამცხე–ჯავახეთი,ასპინძა,2103,2006,,პატარა ქალაქები
სამცხე–ჯავახეთი,ახალქალაქი,9099,2006,,მაღალმთიანი
სამცხე–ჯავახეთი,ახალციხე,7441,2006,,მუნიციპალიტეტები
სამცხე–ჯავახეთი,ბორჯომი,4666,2006,,მუნიციპალიტეტები
სამცხე–ჯავახეთი,ნინოწმინდა,4831,2006,,მაღალმთიანი
ქვემო ქართლი,რუსთავი,20737,2006,,დიდი ქალაქები
ქვემო ქართლი,ბოლნისი,9230,2006,,მუნიციპალიტეტები
ქვემო ქართლი,გარდაბნი,15276,2006,,დიდი ქალაქები
ქვემო ქართლი,დმანისი,3739,2006,,პატარა ქალაქები
ქვემო ქართლი,თეთრი წყარო,3328,2006,,პატარა ქალაქები
ქვემო ქართლი,მარნეული,19212,2006,,დიდი ქალაქები
ქვემო ქართლი,წალკა,3786,2006,,პატარა ქალაქები
შიდა ქართლი,გორი,21312,2006,,დიდი ქალაქები
შიდა ქართლი,კასპი,7113,2006,,მუნიციპალიტეტები
შიდა ქართლი,ქარელი,7409,2006,,მუნიციპალიტეტები
შიდა ქართლი,ხაშური,10131,2006,,10 ქალაქები
შიდა ქართლი,ერედვი,814,2006,,პატარა ქალაქები
შიდა ქართლი,თიღვა,266,2006,,პატარა ქალაქები
შიდა ქართლი,ქურთა,1016,2006,,პატარა ქალაქები
თბილისი,თბილისი,167374,2007,,დედაქალაქი
აფხაზეთის არ,აფხაზეთი,3003,2007,,აფხაზეთი
აჭარის არ,ბათუმი,22192,2007,,დიდი ქალაქები
აჭარის არ,ქედა,3141,2007,,მაღალმთიანი
აჭარის არ,ქობულეთი,12953,2007,,10 ქალაქები
აჭარის არ,შუახევი,3618,2007,,მაღალმთიანი
აჭარის არ,ხელვაჩაური,12836,2007,,10 ქალაქები
აჭარის არ,ხულო,5867,2007,,მაღალმთიანი
გურია,ლანჩხუთი,4768,2007,,მუნიციპალიტეტები
გურია,ოზურგეთი,10651,2007,,10 ქალაქები
გურია,ჩოხატაური,3244,2007,,პატარა ქალაქები
იმერეთი,ქუთაისი,27574,2007,,დიდი ქალაქები
იმერეთი,ტყიბული,3119,2007,,პატარა ქალაქები
იმერეთი,წყალტუბო,7890,2007,,მუნიციპალიტეტები
იმერეთი,ჭიათური,6931,2007,,მუნიციპალიტეტები
იმერეთი,ბაღდათი,3503,2007,,პატარა ქალაქები
იმერეთი,ვანი,4045,2007,,პატარა ქალაქები
იმერეთი,ზესტაფონი,10203,2007,,10 ქალაქები
იმერეთი,თერჯოლა,5139,2007,,მუნიციპალიტეტები
იმერეთი,სამტრედია,7914,2007,,მუნიციპალიტეტები
იმერეთი,საჩხერე,6181,2007,,მუნიციპალიტეტები
იმერეთი,ხარაგაული,3117,2007,,პატარა ქალაქები
იმერეთი,ხონი,3750,2007,,პატარა ქალაქები
კახეთი,ახმეტა,5903,2007,,მუნიციპალიტეტები
კახეთი,გურჯაანი,7942,2007,,მუნიციპალიტეტები
კახეთი,დედოფლისწყარო,3703,2007,,პატარა ქალაქები
კახეთი,თელავი,9564,2007,,10 ქალაქები
კახეთი,ლაგოდეხი,7392,2007,,მუნიციპალიტეტები
კახეთი,საგარეჯო,7581,2007,,მუნიციპალიტეტები
კახეთი,სიღნაღი,4866,2007,,მუნიციპალიტეტები
კახეთი,ყვარლი,4975,2007,,მუნიციპალიტეტები
მცხეთა–მთიანეთი,ახალგორი,1136,2007,,პატარა ქალაქები
მცხეთა–მთიანეთი,დუშეთი,4112,2007,,მაღალმთიანი
მცხეთა–მთიანეთი,თიანეთი,1518,2007,,პატარა ქალაქები
მცხეთა–მთიანეთი,მცხეთა,8208,2007,,მუნიციპალიტეტები
მცხეთა–მთიანეთი,ყაზბეგი,631,2007,,მაღალმთიანი
რაჭა-ლეჩხუმი და ქვემო სვანეთი,ამბროლაური,1429,2007,,მაღალმთიანი
რაჭა-ლეჩხუმი და ქვემო სვანეთი,ლენტეხი,1006,2007,,მაღალმთიანი
რაჭა-ლეჩხუმი და ქვემო სვანეთი,ონი,821,2007,,მაღალმთიანი
რაჭა-ლეჩხუმი და ქვემო სვანეთი,ცაგერი,1550,2007,,მაღალმთიანი
სამეგრელო–ზემო სვანეთი,ფოთი,6682,2007,,მუნიციპალიტეტები
სამეგრელო–ზემო სვანეთი,აბაშა,3665,2007,,პატარა ქალაქები
სამეგრელო–ზემო სვანეთი,ზუგდიდი,16796,2007,,დიდი ქალაქები
სამეგრელო–ზემო სვანეთი,მარტვილი,5575,2007,,მუნიციპალიტეტები
სამეგრელო–ზემო სვანეთი,მესტია,2088,2007,,მაღალმთიანი
სამეგრელო–ზემო სვანეთი,სენაკი,6312,2007,,მუნიციპალიტეტები
სამეგრელო–ზემო სვანეთი,ჩხოროწყუ,3401,2007,,პატარა ქალაქები
სამეგრელო–ზემო სვანეთი,წალენჯიხა,4706,2007,,მუნიციპალიტეტები
სამეგრელო–ზემო სვანეთი,ხობი,4691,2007,,მუნიციპალიტეტები
სამცხე–ჯავახეთი,ადიგენი,3004,2007,,პატარა ქალაქები
სამცხე–ჯავახეთი,ასპინძა,2025,2007,,პატარა ქალაქები
სამცხე–ჯავახეთი,ახალქალაქი,8818,2007,,მაღალმთიანი
სამცხე–ჯავახეთი,ახალციხე,7157,2007,,მუნიციპალიტეტები
სამცხე–ჯავახეთი,ბორჯომი,4410,2007,,მუნიციპალიტეტები
სამცხე–ჯავახეთი,ნინოწმინდა,4510,2007,,მაღალმთიანი
ქვემო ქართლი,რუსთავი,20078,2007,,დიდი ქალაქები
ქვემო ქართლი,ბოლნისი,8529,2007,,მუნიციპალიტეტები
ქვემო ქართლი,გარდაბნი,15059,2007,,დიდი ქალაქები
ქვემო ქართლი,დმანისი,3607,2007,,პატარა ქალაქები
ქვემო ქართლი,თეთრი წყარო,3199,2007,,პატარა ქალაქები
ქვემო ქართლი,მარნეული,18159,2007,,დიდი ქალაქები
ქვემო ქართლი,წალკა,3965,2007,,პატარა ქალაქები
შიდა ქართლი,გორი,20695,2007,,დიდი ქალაქები
შიდა ქართლი,კასპი,6663,2007,,მუნიციპალიტეტები
შიდა ქართლი,ქარელი,7109,2007,,მუნიციპალიტეტები
შიდა ქართლი,ხაშური,10308,2007,,10 ქალაქები
შიდა ქართლი,ერედვი,814,2007,,პატარა ქალაქები
შიდა ქართლი,თიღვა,270,2007,,პატარა ქალაქები
შიდა ქართლი,ქურთა,1021,2007,,პატარა ქალაქები
თბილისი,თბილისი,179460,2008,,დედაქალაქი
აფხაზეთის არ,აფხაზეთი,3072,2008,,აფხაზეთი
აჭარის არ,ბათუმი,23499,2008,,დიდი ქალაქები
აჭარის არ,ქედა,3292,2008,,მაღალმთიანი
აჭარის არ,ქობულეთი,13655,2008,,10 ქალაქები
აჭარის არ,შუახევი,3693,2008,,მაღალმთიანი
აჭარის არ,ხელვაჩაური,13703,2008,,10 ქალაქები
აჭარის არ,ხულო,5969,2008,,მაღალმთიანი
გურია,ლანჩხუთი,4987,2008,,მუნიციპალიტეტები
გურია,ოზურგეთი,11323,2008,,10 ქალაქები
გურია,ჩოხატაური,3371,2008,,პატარა ქალაქები
იმერეთი,ქუთაისი,29556,2008,,დიდი ქალაქები
იმერეთი,ტყიბული,3229,2008,,პატარა ქალაქები
იმერეთი,წყალტუბო,8079,2008,,მუნიციპალიტეტები
იმერეთი,ჭიათური,7286,2008,,მუნიციპალიტეტები
იმერეთი,ბაღდათი,3613,2008,,პატარა ქალაქები
იმერეთი,ვანი,4131,2008,,პატარა ქალაქები
იმერეთი,ზესტაფონი,10730,2008,,10 ქალაქები
იმერეთი,თერჯოლა,5391,2008,,მუნიციპალიტეტები
იმერეთი,სამტრედია,8345,2008,,მუნიციპალიტეტები
იმერეთი,საჩხერე,6621,2008,,მუნიციპალიტეტები
იმერეთი,ხარაგაული,3254,2008,,პატარა ქალაქები
იმერეთი,ხონი,3982,2008,,პატარა ქალაქები
კახეთი,ახმეტა,6326,2008,,მუნიციპალიტეტები
კახეთი,გურჯაანი,8340,2008,,მუნიციპალიტეტები
კახეთი,დედოფლისწყარო,3809,2008,,პატარა ქალაქები
კახეთი,თელავი,10013,2008,,10 ქალაქები
კახეთი,ლაგოდეხი,7633,2008,,მუნიციპალიტეტები
კახეთი,საგარეჯო,7778,2008,,მუნიციპალიტეტები
კახეთი,სიღნაღი,5113,2008,,მუნიციპალიტეტები
კახეთი,ყვარლი,5192,2008,,მუნიციპალიტეტები
მცხეთა–მთიანეთი,ახალგორი,484,2008,,პატარა ქალაქები
მცხეთა–მთიანეთი,დუშეთი,4245,2008,,მაღალმთიანი
მცხეთა–მთიანეთი,თიანეთი,1591,2008,,პატარა ქალაქები
მცხეთა–მთიანეთი,მცხეთა,8845,2008,,მუნიციპალიტეტები
მცხეთა–მთიანეთი,ყაზბეგი,727,2008,,მაღალმთიანი
რაჭა-ლეჩხუმი და ქვემო სვანეთი,ამბროლაური,1510,2008,,მაღალმთიანი
რაჭა-ლეჩხუმი და ქვემო სვანეთი,ლენტეხი,1023,2008,,მაღალმთიანი
რაჭა-ლეჩხუმი და ქვემო სვანეთი,ონი,865,2008,,მაღალმთიანი
რაჭა-ლეჩხუმი და ქვემო სვანეთი,ცაგერი,1612,2008,,მაღალმთიანი
სამეგრელო–ზემო სვანეთი,ფოთი,6867,2008,,მუნიციპალიტეტები
სამეგრელო–ზემო სვანეთი,აბაშა,3857,2008,,პატარა ქალაქები
სამეგრელო–ზემო სვანეთი,ზუგდიდი,17618,2008,,დიდი ქალაქები
სამეგრელო–ზემო სვანეთი,მარტვილი,5850,2008,,მუნიციპალიტეტები
სამეგრელო–ზემო სვანეთი,მესტია,2078,2008,,მაღალმთიანი
სამეგრელო–ზემო სვანეთი,სენაკი,6584,2008,,მუნიციპალიტეტები
სამეგრელო–ზემო სვანეთი,ჩხოროწყუ,3569,2008,,პატარა ქალაქები
სამეგრელო–ზემო სვანეთი,წალენჯიხა,4838,2008,,მუნიციპალიტეტები
სამეგრელო–ზემო სვანეთი,ხობი,4925,2008,,მუნიციპალიტეტები
სამცხე–ჯავახეთი,ადიგენი,3173,2008,,პატარა ქალაქები
სამცხე–ჯავახეთი,ასპინძა,2053,2008,,პატარა ქალაქები
სამცხე–ჯავახეთი,ახალქალაქი,8370,2008,,მაღალმთიანი
სამცხე–ჯავახეთი,ახალციხე,7344,2008,,მუნიციპალიტეტები
სამცხე–ჯავახეთი,ბორჯომი,4616,2008,,მუნიციპალიტეტები
სამცხე–ჯავახეთი,ნინოწმინდა,4249,2008,,მაღალმთიანი
ქვემო ქართლი,რუსთავი,21373,2008,,დიდი ქალაქები
ქვემო ქართლი,ბოლნისი,8485,2008,,მუნიციპალიტეტები
ქვემო ქართლი,გარდაბნი,15628,2008,,დიდი ქალაქები
ქვემო ქართლი,დმანისი,3609,2008,,პატარა ქალაქები
ქვემო ქართლი,თეთრი წყარო,3344,2008,,პატარა ქალაქები
ქვემო ქართლი,მარნეული,18110,2008,,დიდი ქალაქები
ქვემო ქართლი,წალკა,4014,2008,,პატარა ქალაქები
შიდა ქართლი,გორი,21825,2008,,დიდი ქალაქები
შიდა ქართლი,კასპი,7084,2008,,მუნიციპალიტეტები
შიდა ქართლი,ქარელი,7425,2008,,მუნიციპალიტეტები
შიდა ქართლი,ხაშური,11064,2008,,10 ქალაქები
შიდა ქართლი,ერედვი,,2008,,პატარა ქალაქები
შიდა ქართლი,თიღვა,,2008,,პატარა ქალაქები
შიდა ქართლი,ქურთა,,2008,,პატარა ქალაქები
თბილისი,თბილისი,173942,2009,,დედაქალაქი
აფხაზეთის არ,აფხაზეთი,2894,2009,,აფხაზეთი
აჭარის არ,ბათუმი,23186,2009,,დიდი ქალაქები
აჭარის არ,ქედა,3141,2009,,მაღალმთიანი
აჭარის არ,ქობულეთი,13340,2009,,10 ქალაქები
აჭარის არ,შუახევი,3469,2009,,მაღალმთიანი
აჭარის არ,ხელვაჩაური,13456,2009,,10 ქალაქები
აჭარის არ,ხულო,5708,2009,,მაღალმთიანი
გურია,ლანჩხუთი,4784,2009,,მუნიციპალიტეტები
გურია,ოზურგეთი,10780,2009,,10 ქალაქები
გურია,ჩოხატაური,3227,2009,,პატარა ქალაქები
იმერეთი,ქუთაისი,28843,2009,,დიდი ქალაქები
იმერეთი,ტყიბული,2978,2009,,პატარა ქალაქები
იმერეთი,წყალტუბო,7668,2009,,მუნიციპალიტეტები
იმერეთი,ჭიათური,6838,2009,,მუნიციპალიტეტები
იმერეთი,ბაღდათი,3345,2009,,პატარა ქალაქები
იმერეთი,ვანი,3845,2009,,პატარა ქალაქები
იმერეთი,ზესტაფონი,10430,2009,,10 ქალაქები
იმერეთი,თერჯოლა,5126,2009,,მუნიციპალიტეტები
იმერეთი,სამტრედია,8032,2009,,მუნიციპალიტეტები
იმერეთი,საჩხერე,6321,2009,,მუნიციპალიტეტები
იმერეთი,ხარაგაული,3017,2009,,პატარა ქალაქები
იმერეთი,ხონი,3788,2009,,პატარა ქალაქები
კახეთი,ახმეტა,6161,2009,,მუნიციპალიტეტები
კახეთი,გურჯაანი,7950,2009,,მუნიციპალიტეტები
კახეთი,დედოფლისწყარო,3662,2009,,პატარა ქალაქები
კახეთი,თელავი,9988,2009,,10 ქალაქები
კახეთი,ლაგოდეხი,7611,2009,,მუნიციპალიტეტები
კახეთი,საგარეჯო,7652,2009,,მუნიციპალიტეტები
კახეთი,სიღნაღი,4944,2009,,მუნიციპალიტეტები
კახეთი,ყვარლი,4969,2009,,მუნიციპალიტეტები
მცხეთა–მთიანეთი,ახალგორი,,2009,,პატარა ქალაქები
მცხეთა–მთიანეთი,დუშეთი,4057,2009,,მაღალმთიანი
მცხეთა–მთიანეთი,თიანეთი,1457,2009,,პატარა ქალაქები
მცხეთა–მთიანეთი,მცხეთა,9283,2009,,მუნიციპალიტეტები
მცხეთა–მთიანეთი,ყაზბეგი,625,2009,,მაღალმთიანი
რაჭა-ლეჩხუმი და ქვემო სვანეთი,ამბროლაური,1389,2009,,მაღალმთიანი
რაჭა-ლეჩხუმი და ქვემო სვანეთი,ლენტეხი,955,2009,,მაღალმთიანი
რაჭა-ლეჩხუმი და ქვემო სვანეთი,ონი,782,2009,,მაღალმთიანი
რაჭა-ლეჩხუმი და ქვემო სვანეთი,ცაგერი,1503,2009,,მაღალმთიანი
სამეგრელო–ზემო სვანეთი,ფოთი,6725,2009,,მუნიციპალიტეტები
სამეგრელო–ზემო სვანეთი,აბაშა,3652,2009,,პატარა ქალაქები
სამეგრელო–ზემო სვანეთი,ზუგდიდი,16623,2009,,დიდი ქალაქები
სამეგრელო–ზემო სვანეთი,მარტვილი,5488,2009,,მუნიციპალიტეტები
სამეგრელო–ზემო სვანეთი,მესტია,1958,2009,,მაღალმთიანი
სამეგრელო–ზემო სვანეთი,სენაკი,6354,2009,,მუნიციპალიტეტები
სამეგრელო–ზემო სვანეთი,ჩხოროწყუ,3297,2009,,პატარა ქალაქები
სამეგრელო–ზემო სვანეთი,წალენჯიხა,4371,2009,,მუნიციპალიტეტები
სამეგრელო–ზემო სვანეთი,ხობი,4670,2009,,მუნიციპალიტეტები
სამცხე–ჯავახეთი,ადიგენი,3032,2009,,პატარა ქალაქები
სამცხე–ჯავახეთი,ასპინძა,1992,2009,,პატარა ქალაქები
სამცხე–ჯავახეთი,ახალქალაქი,8637,2009,,მაღალმთიანი
სამცხე–ჯავახეთი,ახალციხე,7256,2009,,მუნიციპალიტეტები
სამცხე–ჯავახეთი,ბორჯომი,4348,2009,,მუნიციპალიტეტები
სამცხე–ჯავახეთი,ნინოწმინდა,4447,2009,,მაღალმთიანი
ქვემო ქართლი,რუსთავი,21032,2009,,დიდი ქალაქები
ქვემო ქართლი,ბოლნისი,8156,2009,,მუნიციპალიტეტები
ქვემო ქართლი,გარდაბნი,15500,2009,,დიდი ქალაქები
ქვემო ქართლი,დმანისი,3542,2009,,პატარა ქალაქები
ქვემო ქართლი,თეთრი წყარო,3410,2009,,პატარა ქალაქები
ქვემო ქართლი,მარნეული,19025,2009,,დიდი ქალაქები
ქვემო ქართლი,წალკა,4009,2009,,პატარა ქალაქები
შიდა ქართლი,გორი,21449,2009,,დიდი ქალაქები
შიდა ქართლი,კასპი,6582,2009,,მუნიციპალიტეტები
შიდა ქართლი,ქარელი,7124,2009,,მუნიციპალიტეტები
შიდა ქართლი,ხაშური,10648,2009,,10 ქალაქები
შიდა ქართლი,ერედვი,53,2009,,პატარა ქალაქები
შიდა ქართლი,თიღვა,,2009,,პატარა ქალაქები
შიდა ქართლი,ქურთა,,2009,,პატარა ქალაქები
თბილისი,თბილისი,170494,2010,,დედაქალაქი
აფხაზეთის არ,აფხაზეთი,2459,2010,,აფხაზეთი
აჭარის არ,ბათუმი,22573,2010,,დიდი ქალაქები
აჭარის არ,ქედა,2882,2010,,მაღალმთიანი
აჭარის არ,ქობულეთი,12747,2010,,10 ქალაქები
აჭარის არ,შუახევი,3446,2010,,მაღალმთიანი
აჭარის არ,ხელვაჩაური,12888,2010,,10 ქალაქები
აჭარის არ,ხულო,5441,2010,,მაღალმთიანი
გურია,ლანჩხუთი,4533,2010,,მუნიციპალიტეტები
გურია,ოზურგეთი,9733,2010,,10 ქალაქები
გურია,ჩოხატაური,3008,2010,,პატარა ქალაქები
იმერეთი,ქუთაისი,27557,2010,,დიდი ქალაქები
იმერეთი,ტყიბული,2748,2010,,პატარა ქალაქები
იმერეთი,წყალტუბო,7163,2010,,მუნიციპალიტეტები
იმერეთი,ჭიათური,6428,2010,,მუნიციპალიტეტები
იმერეთი,ბაღდათი,3029,2010,,პატარა ქალაქები
იმერეთი,ვანი,3514,2010,,პატარა ქალაქები
იმერეთი,ზესტაფონი,9864,2010,,10 ქალაქები
იმერეთი,თერჯოლა,4780,2010,,მუნიციპალიტეტები
იმერეთი,სამტრედია,7496,2010,,მუნიციპალიტეტები
იმერეთი,საჩხერე,6131,2010,,მუნიციპალიტეტები
იმერეთი,ხარაგაული,2877,2010,,პატარა ქალაქები
იმერეთი,ხონი,3567,2010,,პატარა ქალაქები
კახეთი,ახმეტა,5754,2010,,მუნიციპალიტეტები
კახეთი,გურჯაანი,7374,2010,,მუნიციპალიტეტები
კახეთი,დედოფლისწყარო,3299,2010,,პატარა ქალაქები
კახეთი,თელავი,9478,2010,,10 ქალაქები
კახეთი,ლაგოდეხი,7333,2010,,მუნიციპალიტეტები
კახეთი,საგარეჯო,7439,2010,,მუნიციპალიტეტები
კახეთი,სიღნაღი,4512,2010,,მუნიციპალიტეტები
კახეთი,ყვარლი,4544,2010,,მუნიციპალიტეტები
მცხეთა–მთიანეთი,ახალგორი,,2010,,პატარა ქალაქები
მცხეთა–მთიანეთი,დუშეთი,3808,2010,,მაღალმთიანი
მცხეთა–მთიანეთი,თიანეთი,1352,2010,,პატარა ქალაქები
მცხეთა–მთიანეთი,მცხეთა,8854,2010,,მუნიციპალიტეტები
მცხეთა–მთიანეთი,ყაზბეგი,578,2010,,მაღალმთიანი
რაჭა-ლეჩხუმი და ქვემო სვანეთი,ამბროლაური,1322,2010,,მაღალმთიანი
რაჭა-ლეჩხუმი და ქვემო სვანეთი,ლენტეხი,880,2010,,მაღალმთიანი
რაჭა-ლეჩხუმი და ქვემო სვანეთი,ონი,737,2010,,მაღალმთიანი
რაჭა-ლეჩხუმი და ქვემო სვანეთი,ცაგერი,1426,2010,,მაღალმთიანი
სამეგრელო–ზემო სვანეთი,ფოთი,6452,2010,,მუნიციპალიტეტები
სამეგრელო–ზემო სვანეთი,აბაშა,3479,2010,,პატარა ქალაქები
სამეგრელო–ზემო სვანეთი,ზუგდიდი,15566,2010,,დიდი ქალაქები
სამეგრელო–ზემო სვანეთი,მარტვილი,5221,2010,,მუნიციპალიტეტები
სამეგრელო–ზემო სვანეთი,მესტია,1861,2010,,მაღალმთიანი
სამეგრელო–ზემო სვანეთი,სენაკი,6087,2010,,მუნიციპალიტეტები
სამეგრელო–ზემო სვანეთი,ჩხოროწყუ,3080,2010,,პატარა ქალაქები
სამეგრელო–ზემო სვანეთი,წალენჯიხა,4048,2010,,მუნიციპალიტეტები
სამეგრელო–ზემო სვანეთი,ხობი,4366,2010,,მუნიციპალიტეტები
სამცხე–ჯავახეთი,ადიგენი,2804,2010,,პატარა ქალაქები
სამცხე–ჯავახეთი,ასპინძა,1832,2010,,პატარა ქალაქები
სამცხე–ჯავახეთი,ახალქალაქი,8143,2010,,მაღალმთიანი
სამცხე–ჯავახეთი,ახალციხე,6924,2010,,მუნიციპალიტეტები
სამცხე–ჯავახეთი,ბორჯომი,4089,2010,,მუნიციპალიტეტები
სამცხე–ჯავახეთი,ნინოწმინდა,4331,2010,,მაღალმთიანი
ქვემო ქართლი,რუსთავი,19984,2010,,დიდი ქალაქები
ქვემო ქართლი,ბოლნისი,7671,2010,,მუნიციპალიტეტები
ქვემო ქართლი,გარდაბნი,13928,2010,,დიდი ქალაქები
ქვემო ქართლი,დმანისი,3306,2010,,პატარა ქალაქები
ქვემო ქართლი,თეთრი წყარო,3309,2010,,პატარა ქალაქები
ქვემო ქართლი,მარნეული,18459,2010,,დიდი ქალაქები
ქვემო ქართლი,წალკა,3712,2010,,პატარა ქალაქები
შიდა ქართლი,გორი,20544,2010,,დიდი ქალაქები
შიდა ქართლი,კასპი,6136,2010,,მუნიციპალიტეტები
შიდა ქართლი,ქარელი,6670,2010,,მუნიციპალიტეტები
შიდა ქართლი,ხაშური,9288,2010,,10 ქალაქები
შიდა ქართლი,ერედვი,56,2010,,პატარა ქალაქები
შიდა ქართლი,თიღვა,,2010,,პატარა ქალაქები
შიდა ქართლი,ქურთა,,2010,,პატარა ქალაქები
თბილისი,თბილისი,170675,2011,,დედაქალაქი
აფხაზეთის არ,აფხაზეთი,2372,2011,,აფხაზეთი
აჭარის არ,ბათუმი,25740,2011,,დიდი ქალაქები
აჭარის არ,ქედა,2730,2011,,მაღალმთიანი
აჭარის არ,ქობულეთი,11550,2011,,10 ქალაქები
აჭარის არ,შუახევი,3204,2011,,მაღალმთიანი
აჭარის არ,ხელვაჩაური,8303,2011,,10 ქალაქები
აჭარის არ,ხულო,5053,2011,,მაღალმთიანი
გურია,ლანჩხუთი,4243,2011,,მუნიციპალიტეტები
გურია,ოზურგეთი,9057,2011,,10 ქალაქები
გურია,ჩოხატაური,2816,2011,,პატარა ქალაქები
იმერეთი,ქუთაისი,26769,2011,,დიდი ქალაქები
იმერეთი,ტყიბული,2565,2011,,პატარა ქალაქები
იმერეთი,წყალტუბო,6544,2011,,მუნიციპალიტეტები
იმერეთი,ჭიათური,6133,2011,,მუნიციპალიტეტები
იმერეთი,ბაღდათი,2812,2011,,პატარა ქალაქები
იმერეთი,ვანი,3190,2011,,პატარა ქალაქები
იმერეთი,ზესტაფონი,9456,2011,,10 ქალაქები
იმერეთი,თერჯოლა,4489,2011,,მუნიციპალიტეტები
იმერეთი,სამტრედია,7036,2011,,მუნიციპალიტეტები
იმერეთი,საჩხერე,5902,2011,,მუნიციპალიტეტები
იმერეთი,ხარაგაული,2781,2011,,პატარა ქალაქები
იმერეთი,ხონი,3308,2011,,პატარა ქალაქები
კახეთი,ახმეტა,5227,2011,,მუნიციპალიტეტები
კახეთი,გურჯაანი,6771,2011,,მუნიციპალიტეტები
კახეთი,დედოფლისწყარო,3116,2011,,პატარა ქალაქები
კახეთი,თელავი,8600,2011,,10 ქალაქები
კახეთი,ლაგოდეხი,6775,2011,,მუნიციპალიტეტები
კახეთი,საგარეჯო,7152,2011,,მუნიციპალიტეტები
კახეთი,სიღნაღი,4131,2011,,მუნიციპალიტეტები
კახეთი,ყვარლი,4090,2011,,მუნიციპალიტეტები
მცხეთა–მთიანეთი,ახალგორი,,2011,,პატარა ქალაქები
მცხეთა–მთიანეთი,დუშეთი,3631,2011,,მაღალმთიანი
მცხეთა–მთიანეთი,თიანეთი,1217,2011,,პატარა ქალაქები
მცხეთა–მთიანეთი,მცხეთა,6887,2011,,მუნიციპალიტეტები
მცხეთა–მთიანეთი,ყაზბეგი,555,2011,,მაღალმთიანი
რაჭა-ლეჩხუმი და ქვემო სვანეთი,ამბროლაური,1246,2011,,მაღალმთიანი
რაჭა-ლეჩხუმი და ქვემო სვანეთი,ლენტეხი,822,2011,,მაღალმთიანი
რაჭა-ლეჩხუმი და ქვემო სვანეთი,ონი,693,2011,,მაღალმთიანი
რაჭა-ლეჩხუმი და ქვემო სვანეთი,ცაგერი,1313,2011,,მაღალმთიანი
სამეგრელო–ზემო სვანეთი,ფოთი,6149,2011,,მუნიციპალიტეტები
სამეგრელო–ზემო სვანეთი,აბაშა,3156,2011,,პატარა ქალაქები
სამეგრელო–ზემო სვანეთი,ზუგდიდი,14435,2011,,დიდი ქალაქები
სამეგრელო–ზემო სვანეთი,მარტვილი,4843,2011,,მუნიციპალიტეტები
სამეგრელო–ზემო სვანეთი,მესტია,1720,2011,,მაღალმთიანი
სამეგრელო–ზემო სვანეთი,სენაკი,5533,2011,,მუნიციპალიტეტები
სამეგრელო–ზემო სვანეთი,ჩხოროწყუ,2793,2011,,პატარა ქალაქები
სამეგრელო–ზემო სვანეთი,წალენჯიხა,3824,2011,,მუნიციპალიტეტები
სამეგრელო–ზემო სვანეთი,ხობი,4146,2011,,მუნიციპალიტეტები
სამცხე–ჯავახეთი,ადიგენი,2569,2011,,პატარა ქალაქები
სამცხე–ჯავახეთი,ასპინძა,1755,2011,,პატარა ქალაქები
სამცხე–ჯავახეთი,ახალქალაქი,7754,2011,,მაღალმთიანი
სამცხე–ჯავახეთი,ახალციხე,6646,2011,,მუნიციპალიტეტები
სამცხე–ჯავახეთი,ბორჯომი,3921,2011,,მუნიციპალიტეტები
სამცხე–ჯავახეთი,ნინოწმინდა,4000,2011,,მაღალმთიანი
ქვემო ქართლი,რუსთავი,19232,2011,,დიდი ქალაქები
ქვემო ქართლი,ბოლნისი,7245,2011,,მუნიციპალიტეტები
ქვემო ქართლი,გარდაბნი,12277,2011,,დიდი ქალაქები
ქვემო ქართლი,დმანისი,3089,2011,,პატარა ქალაქები
ქვემო ქართლი,თეთრი წყარო,3186,2011,,პატარა ქალაქები
ქვემო ქართლი,მარნეული,17391,2011,,დიდი ქალაქები
ქვემო ქართლი,წალკა,3458,2011,,პატარა ქალაქები
შიდა ქართლი,გორი,19381,2011,,დიდი ქალაქები
შიდა ქართლი,კასპი,5861,2011,,მუნიციპალიტეტები
შიდა ქართლი,ქარელი,6282,2011,,მუნიციპალიტეტები
შიდა ქართლი,ხაშური,8886,2011,,10 ქალაქები
შიდა ქართლი,ერედვი,,2011,,პატარა ქალაქები
შიდა ქართლი,თიღვა,,2011,,პატარა ქალაქები
შიდა ქართლი,ქურთა,,2011,,პატარა ქალაქები
თბილისი,თბილისი,171536,2012,,დედაქალაქი
აფხაზეთის არ,აფხაზეთი,2381,2012,,აფხაზეთი
აჭარის არ,ბათუმი,25625,2012,,დიდი ქალაქები
აჭარის არ,ქედა,2641,2012,,მაღალმთიანი
აჭარის არ,ქობულეთი,11071,2012,,10 ქალაქები
აჭარის არ,შუახევი,2942,2012,,მაღალმთიანი
აჭარის არ,ხელვაჩაური,7876,2012,,10 ქალაქები
აჭარის არ,ხულო,4691,2012,,მაღალმთიანი
გურია,ლანჩხუთი,4124,2012,,მუნიციპალიტეტები
გურია,ოზურგეთი,8755,2012,,10 ქალაქები
გურია,ჩოხატაური,2736,2012,,პატარა ქალაქები
იმერეთი,ქუთაისი,26535,2012,,დიდი ქალაქები
იმერეთი,ტყიბული,2539,2012,,პატარა ქალაქები
იმერეთი,წყალტუბო,6224,2012,,მუნიციპალიტეტები
იმერეთი,ჭიათური,5831,2012,,მუნიციპალიტეტები
იმერეთი,ბაღდათი,2640,2012,,პატარა ქალაქები
იმერეთი,ვანი,3045,2012,,პატარა ქალაქები
იმერეთი,ზესტაფონი,9105,2012,,10 ქალაქები
იმერეთი,თერჯოლა,4205,2012,,მუნიციპალიტეტები
იმერეთი,სამტრედია,6715,2012,,მუნიციპალიტეტები
იმერეთი,საჩხერე,5809,2012,,მუნიციპალიტეტები
იმერეთი,ხარაგაული,2583,2012,,პატარა ქალაქები
იმერეთი,ხონი,3152,2012,,პატარა ქალაქები
კახეთი,ახმეტა,5051,2012,,მუნიციპალიტეტები
კახეთი,გურჯაანი,6610,2012,,მუნიციპალიტეტები
კახეთი,დედოფლისწყარო,3052,2012,,პატარა ქალაქები
კახეთი,თელავი,8259,2012,,10 ქალაქები
კახეთი,ლაგოდეხი,6656,2012,,მუნიციპალიტეტები
კახეთი,საგარეჯო,7221,2012,,მუნიციპალიტეტები
კახეთი,სიღნაღი,3939,2012,,მუნიციპალიტეტები
კახეთი,ყვარლი,3903,2012,,მუნიციპალიტეტები
მცხეთა–მთიანეთი,ახალგორი,,2012,,პატარა ქალაქები
მცხეთა–მთიანეთი,დუშეთი,3504,2012,,მაღალმთიანი
მცხეთა–მთიანეთი,თიანეთი,1138,2012,,პატარა ქალაქები
მცხეთა–მთიანეთი,მცხეთა,6704,2012,,მუნიციპალიტეტები
მცხეთა–მთიანეთი,ყაზბეგი,556,2012,,მაღალმთიანი
რაჭა-ლეჩხუმი და ქვემო სვანეთი,ამბროლაური,1156,2012,,მაღალმთიანი
რაჭა-ლეჩხუმი და ქვემო სვანეთი,ლენტეხი,770,2012,,მაღალმთიანი
რაჭა-ლეჩხუმი და ქვემო სვანეთი,ონი,675,2012,,მაღალმთიანი
რაჭა-ლეჩხუმი და ქვემო სვანეთი,ცაგერი,1224,2012,,მაღალმთიანი
სამეგრელო–ზემო სვანეთი,ფოთი,6144,2012,,მუნიციპალიტეტები
სამეგრელო–ზემო სვანეთი,აბაშა,3039,2012,,პატარა ქალაქები
სამეგრელო–ზემო სვანეთი,ზუგდიდი,14292,2012,,დიდი ქალაქები
სამეგრელო–ზემო სვანეთი,მარტვილი,4679,2012,,მუნიციპალიტეტები
სამეგრელო–ზემო სვანეთი,მესტია,1631,2012,,მაღალმთიანი
სამეგრელო–ზემო სვანეთი,სენაკი,5391,2012,,მუნიციპალიტეტები
სამეგრელო–ზემო სვანეთი,ჩხოროწყუ,2683,2012,,პატარა ქალაქები
სამეგრელო–ზემო სვანეთი,წალენჯიხა,3663,2012,,მუნიციპალიტეტები
სამეგრელო–ზემო სვანეთი,ხობი,4016,2012,,მუნიციპალიტეტები
სამცხე–ჯავახეთი,ადიგენი,2458,2012,,პატარა ქალაქები
სამცხე–ჯავახეთი,ასპინძა,1697,2012,,პატარა ქალაქები
სამცხე–ჯავახეთი,ახალქალაქი,7550,2012,,მაღალმთიანი
სამცხე–ჯავახეთი,ახალციხე,6421,2012,,მუნიციპალიტეტები
სამცხე–ჯავახეთი,ბორჯომი,3821,2012,,მუნიციპალიტეტები
სამცხე–ჯავახეთი,ნინოწმინდა,4018,2012,,მაღალმთიანი
ქვემო ქართლი,რუსთავი,19202,2012,,დიდი ქალაქები
ქვემო ქართლი,ბოლნისი,7343,2012,,მუნიციპალიტეტები
ქვემო ქართლი,გარდაბნი,12176,2012,,დიდი ქალაქები
ქვემო ქართლი,დმანისი,3091,2012,,პატარა ქალაქები
ქვემო ქართლი,თეთრი წყარო,3087,2012,,პატარა ქალაქები
ქვემო ქართლი,მარნეული,17470,2012,,დიდი ქალაქები
ქვემო ქართლი,წალკა,3458,2012,,პატარა ქალაქები
შიდა ქართლი,გორი,18672,2012,,დიდი ქალაქები
შიდა ქართლი,კასპი,5676,2012,,მუნიციპალიტეტები
შიდა ქართლი,ქარელი,6046,2012,,მუნიციპალიტეტები
შიდა ქართლი,ხაშური,8512,2012,,10 ქალაქები
შიდა ქართლი,ერედვი,,2012,,პატარა ქალაქები
შიდა ქართლი,თიღვა,,2012,,პატარა ქალაქები
შიდა ქართლი,ქურთა,,2012,,პატარა ქალაქები
თბილისი,თბილისი,172614,2013,,დედაქალაქი
აფხაზეთის არ,აფხაზეთი,2277,2013,,აფხაზეთი
აჭარის არ,ბათუმი,25698,2013,,დიდი ქალაქები
აჭარის არ,ქედა,2507,2013,,მაღალმთიანი
აჭარის არ,ქობულეთი,10811,2013,,10 ქალაქები
აჭარის არ,შუახევი,2689,2013,,მაღალმთიანი
აჭარის არ,ხელვაჩაური,7490,2013,,10 ქალაქები
აჭარის არ,ხულო,4433,2013,,მაღალმთიანი
გურია,ლანჩხუთი,3935,2013,,მუნიციპალიტეტები
გურია,ოზურგეთი,8514,2013,,10 ქალაქები
გურია,ჩოხატაური,2627,2013,,პატარა ქალაქები
იმერეთი,ქუთაისი,26308,2013,,დიდი ქალაქები
იმერეთი,ტყიბული,2436,2013,,პატარა ქალაქები
იმერეთი,წყალტუბო,5934,2013,,მუნიციპალიტეტები
იმერეთი,ჭიათური,5585,2013,,მუნიციპალიტეტები
იმერეთი,ბაღდათი,2591,2013,,პატარა ქალაქები
იმერეთი,ვანი,2882,2013,,პატარა ქალაქები
იმერეთი,ზესტაფონი,8856,2013,,10 ქალაქები
იმერეთი,თერჯოლა,3980,2013,,მუნიციპალიტეტები
იმერეთი,სამტრედია,6460,2013,,მუნიციპალიტეტები
იმერეთი,საჩხერე,5645,2013,,მუნიციპალიტეტები
იმერეთი,ხარაგაული,2440,2013,,პატარა ქალაქები
იმერეთი,ხონი,3017,2013,,პატარა ქალაქები
კახეთი,ახმეტა,4874,2013,,მუნიციპალიტეტები
კახეთი,გურჯაანი,6522,2013,,მუნიციპალიტეტები
კახეთი,დედოფლისწყარო,2965,2013,,პატარა ქალაქები
კახეთი,თელავი,8204,2013,,10 ქალაქები
კახეთი,ლაგოდეხი,6609,2013,,მუნიციპალიტეტები
კახეთი,საგარეჯო,7090,2013,,მუნიციპალიტეტები
კახეთი,სიღნაღი,3784,2013,,მუნიციპალიტეტები
კახეთი,ყვარლი,3799,2013,,მუნიციპალიტეტები
მცხეთა–მთიანეთი,ახალგორი,,2013,,პატარა ქალაქები
მცხეთა–მთიანეთი,დუშეთი,3365,2013,,მაღალმთიანი
მცხეთა–მთიანეთი,თიანეთი,1121,2013,,პატარა ქალაქები
მცხეთა–მთიანეთი,მცხეთა,6622,2013,,მუნიციპალიტეტები
მცხეთა–მთიანეთი,ყაზბეგი,535,2013,,მაღალმთიანი
რაჭა-ლეჩხუმი და ქვემო სვანეთი,ამბროლაური,1133,2013,,მაღალმთიანი
რაჭა-ლეჩხუმი და ქვემო სვანეთი,ლენტეხი,721,2013,,მაღალმთიანი
რაჭა-ლეჩხუმი და ქვემო სვანეთი,ონი,624,2013,,მაღალმთიანი
რაჭა-ლეჩხუმი და ქვემო სვანეთი,ცაგერი,1149,2013,,მაღალმთიანი
სამეგრელო–ზემო სვანეთი,ფოთი,6052,2013,,მუნიციპალიტეტები
სამეგრელო–ზემო სვანეთი,აბაშა,2918,2013,,პატარა ქალაქები
სამეგრელო–ზემო სვანეთი,ზუგდიდი,14070,2013,,დიდი ქალაქები
სამეგრელო–ზემო სვანეთი,მარტვილი,4513,2013,,მუნიციპალიტეტები
სამეგრელო–ზემო სვანეთი,მესტია,1594,2013,,მაღალმთიანი
სამეგრელო–ზემო სვანეთი,სენაკი,5276,2013,,მუნიციპალიტეტები
სამეგრელო–ზემო სვანეთი,ჩხოროწყუ,2658,2013,,პატარა ქალაქები
სამეგრელო–ზემო სვანეთი,წალენჯიხა,3584,2013,,მუნიციპალიტეტები
სამეგრელო–ზემო სვანეთი,ხობი,3963,2013,,მუნიციპალიტეტები
სამცხე–ჯავახეთი,ადიგენი,2407,2013,,პატარა ქალაქები
სამცხე–ჯავახეთი,ასპინძა,1660,2013,,პატარა ქალაქები
სამცხე–ჯავახეთი,ახალქალაქი,7576,2013,,მაღალმთიანი
სამცხე–ჯავახეთი,ახალციხე,6292,2013,,მუნიციპალიტეტები
სამცხე–ჯავახეთი,ბორჯომი,3740,2013,,მუნიციპალიტეტები
სამცხე–ჯავახეთი,ნინოწმინდა,4000,2013,,მაღალმთიანი
ქვემო ქართლი,რუსთავი,19119,2013,,დიდი ქალაქები
ქვემო ქართლი,ბოლნისი,7381,2013,,მუნიციპალიტეტები
ქვემო ქართლი,გარდაბნი,11991,2013,,დიდი ქალაქები
ქვემო ქართლი,დმანისი,3001,2013,,პატარა ქალაქები
ქვემო ქართლი,თეთრი წყარო,3039,2013,,პატარა ქალაქები
ქვემო ქართლი,მარნეული,17828,2013,,დიდი ქალაქები
ქვემო ქართლი,წალკა,3413,2013,,პატარა ქალაქები
შიდა ქართლი,გორი,18439,2013,,დიდი ქალაქები
შიდა ქართლი,კასპი,5510,2013,,მუნიციპალიტეტები
შიდა ქართლი,ქარელი,5900,2013,,მუნიციპალიტეტები
შიდა ქართლი,ხაშური,8246,2013,,10 ქალაქები
შიდა ქართლი,ერედვი,,2013,,პატარა ქალაქები
შიდა ქართლი,თიღვა,,2013,,პატარა ქალაქები
შიდა ქართლი,ქურთა,,2013,,პატარა ქალაქები
თბილისი,თბილისი,177581,2014,,დედაქალაქი
აფხაზეთის არ,აფხაზეთი,2277,2014,,აფხაზეთი
აჭარის არ,ბათუმი,26621,2014,,დიდი ქალაქები
აჭარის არ,ქედა,2424,2014,,მაღალმთიანი
აჭარის არ,ქობულეთი,10966,2014,,10 ქალაქები
აჭარის არ,შუახევი,2534,2014,,მაღალმთიანი
აჭარის არ,ხელვაჩაური,7289,2014,,10 ქალაქები
აჭარის არ,ხულო,4164,2014,,მაღალმთიანი
გურია,ლანჩხუთი,3779,2014,,მუნიციპალიტეტები
გურია,ოზურგეთი,8353,2014,,10 ქალაქები
გურია,ჩოხატაური,2517,2014,,პატარა ქალაქები
იმერეთი,ქუთაისი,26644,2014,,დიდი ქალაქები
იმერეთი,ტყიბული,2288,2014,,პატარა ქალაქები
იმერეთი,წყალტუბო,5682,2014,,მუნიციპალიტეტები
იმერეთი,ჭიათური,5423,2014,,მუნიციპალიტეტები
იმერეთი,ბაღდათი,2497,2014,,პატარა ქალაქები
იმერეთი,ვანი,2699,2014,,პატარა ქალაქები
იმერეთი,ზესტაფონი,8613,2014,,10 ქალაქები
იმერეთი,თერჯოლა,3827,2014,,მუნიციპალიტეტები
იმერეთი,სამტრედია,6319,2014,,მუნიციპალიტეტები
იმერეთი,საჩხერე,5560,2014,,მუნიციპალიტეტები
იმერეთი,ხარაგაული,2326,2014,,პატარა ქალაქები
იმერეთი,ხონი,2855,2014,,პატარა ქალაქები
კახეთი,ახმეტა,4821,2014,,მუნიციპალიტეტები
კახეთი,გურჯაანი,6514,2014,,მუნიციპალიტეტები
კახეთი,დედოფლისწყარო,2928,2014,,პატარა ქალაქები
კახეთი,თელავი,8053,2014,,10 ქალაქები
კახეთი,ლაგოდეხი,6367,2014,,მუნიციპალიტეტები
კახეთი,საგარეჯო,7200,2014,,მუნიციპალიტეტები
კახეთი,სიღნაღი,3659,2014,,მუნიციპალიტეტები
კახეთი,ყვარლი,3750,2014,,მუნიციპალიტეტები
მცხეთა–მთიანეთი,ახალგორი,,2014,,პატარა ქალაქები
მცხეთა–მთიანეთი,დუშეთი,3311,2014,,მაღალმთიანი
მცხეთა–მთიანეთი,თიანეთი,1083,2014,,პატარა ქალაქები
მცხეთა–მთიანეთი,მცხეთა,6614,2014,,მუნიციპალიტეტები
მცხეთა–მთიანეთი,ყაზბეგი,529,2014,,მაღალმთიანი
რაჭა-ლეჩხუმი და ქვემო სვანეთი,ამბროლაური,1087,2014,,მაღალმთიანი
რაჭა-ლეჩხუმი და ქვემო სვანეთი,ლენტეხი,658,2014,,მაღალმთიანი
რაჭა-ლეჩხუმი და ქვემო სვანეთი,ონი,597,2014,,მაღალმთიანი
რაჭა-ლეჩხუმი და ქვემო სვანეთი,ცაგერი,1094,2014,,მაღალმთიანი
სამეგრელო–ზემო სვანეთი,ფოთი,6030,2014,,მუნიციპალიტეტები
სამეგრელო–ზემო სვანეთი,აბაშა,2784,2014,,პატარა ქალაქები
სამეგრელო–ზემო სვანეთი,ზუგდიდი,13909,2014,,დიდი ქალაქები
სამეგრელო–ზემო სვანეთი,მარტვილი,4323,2014,,მუნიციპალიტეტები
სამეგრელო–ზემო სვანეთი,მესტია,1516,2014,,მაღალმთიანი
სამეგრელო–ზემო სვანეთი,სენაკი,5196,2014,,მუნიციპალიტეტები
სამეგრელო–ზემო სვანეთი,ჩხოროწყუ,2631,2014,,პატარა ქალაქები
სამეგრელო–ზემო სვანეთი,წალენჯიხა,3483,2014,,მუნიციპალიტეტები
სამეგრელო–ზემო სვანეთი,ხობი,3831,2014,,მუნიციპალიტეტები
სამცხე–ჯავახეთი,ადიგენი,2298,2014,,პატარა ქალაქები
სამცხე–ჯავახეთი,ასპინძა,1610,2014,,პატარა ქალაქები
სამცხე–ჯავახეთი,ახალქალაქი,7441,2014,,მაღალმთიანი
სამცხე–ჯავახეთი,ახალციხე,6220,2014,,მუნიციპალიტეტები
სამცხე–ჯავახეთი,ბორჯომი,3696,2014,,მუნიციპალიტეტები
სამცხე–ჯავახეთი,ნინოწმინდა,3999,2014,,მაღალმთიანი
ქვემო ქართლი,რუსთავი,19644,2014,,დიდი ქალაქები
ქვემო ქართლი,ბოლნისი,7403,2014,,მუნიციპალიტეტები
ქვემო ქართლი,გარდაბნი,12121,2014,,დიდი ქალაქები
ქვემო ქართლი,დმანისი,3004,2014,,პატარა ქალაქები
ქვემო ქართლი,თეთრი წყარო,2971,2014,,პატარა ქალაქები
ქვემო ქართლი,მარნეული,17630,2014,,დიდი ქალაქები
ქვემო ქართლი,წალკა,3281,2014,,პატარა ქალაქები
შიდა ქართლი,გორი,18332,2014,,დიდი ქალაქები
შიდა ქართლი,კასპი,5419,2014,,მუნიციპალიტეტები
შიდა ქართლი,ქარელი,5761,2014,,მუნიციპალიტეტები
შიდა ქართლი,ხაშური,7958,2014,,10 ქალაქები
შიდა ქართლი,ერედვი,,2014,,პატარა ქალაქები
შიდა ქართლი,თიღვა,,2014,,პატარა ქალაქები
შიდა ქართლი,ქურთა,,2014,,პატარა ქალაქები
თბილისი,თბილისი,180612,2015,,დედაქალაქი
აფხაზეთის არ,აფხაზეთი,2256,2015,,აფხაზეთი
აჭარის არ,ბათუმი,27239,2015,,დიდი ქალაქები
აჭარის არ,ქედა,2291,2015,,მაღალმთიანი
აჭარის არ,ქობულეთი,10982,2015,,10 ქალაქები
აჭარის არ,შუახევი,2410,2015,,მაღალმთიანი
აჭარის არ,ხელვაჩაური,7257,2015,,10 ქალაქები
აჭარის არ,ხულო,3936,2015,,მაღალმთიანი
გურია,ლანჩხუთი,3719,2015,,მუნიციპალიტეტები
გურია,ოზურგეთი,8206,2015,,10 ქალაქები
გურია,ჩოხატაური,2480,2015,,პატარა ქალაქები
იმერეთი,ქუთაისი,27070,2015,,დიდი ქალაქები
იმერეთი,ტყიბული,2211,2015,,პატარა ქალაქები
იმერეთი,წყალტუბო,5559,2015,,მუნიციპალიტეტები
იმერეთი,ჭიათური,5293,2015,,მუნიციპალიტეტები
იმერეთი,ბაღდათი,2409,2015,,პატარა ქალაქები
იმერეთი,ვანი,2565,2015,,პატარა ქალაქები
იმერეთი,ზესტაფონი,8471,2015,,10 ქალაქები
იმერეთი,თერჯოლა,3720,2015,,მუნიციპალიტეტები
იმერეთი,სამტრედია,6253,2015,,მუნიციპალიტეტები
იმერეთი,საჩხერე,5393,2015,,მუნიციპალიტეტები
იმერეთი,ხარაგაული,2243,2015,,პატარა ქალაქები
იმერეთი,ხონი,2783,2015,,პატარა ქალაქები
კახეთი,ახმეტა,4760,2015,,მუნიციპალიტეტები
კახეთი,გურჯაანი,6520,2015,,მუნიციპალიტეტები
კახეთი,დედოფლისწყარო,2765,2015,,პატარა ქალაქები
კახეთი,თელავი,8133,2015,,10 ქალაქები
კახეთი,ლაგოდეხი,6111,2015,,მუნიციპალიტეტები
კახეთი,საგარეჯო,7261,2015,,მუნიციპალიტეტები
კახეთი,სიღნაღი,3562,2015,,მუნიციპალიტეტები
კახეთი,ყვარლი,3611,2015,,მუნიციპალიტეტები
მცხეთა–მთიანეთი,ახალგორი,,2015,,პატარა ქალაქები
მცხეთა–მთიანეთი,დუშეთი,3212,2015,,მაღალმთიანი
მცხეთა–მთიანეთი,თიანეთი,1040,2015,,პატარა ქალაქები
მცხეთა–მთიანეთი,მცხეთა,6527,2015,,მუნიციპალიტეტები
მცხეთა–მთიანეთი,ყაზბეგი,496,2015,,მაღალმთიანი
რაჭა-ლეჩხუმი და ქვემო სვანეთი,ამბროლაური,1063,2015,,მაღალმთიანი
რაჭა-ლეჩხუმი და ქვემო სვანეთი,ლენტეხი,618,2015,,მაღალმთიანი
რაჭა-ლეჩხუმი და ქვემო სვანეთი,ონი,571,2015,,მაღალმთიანი
რაჭა-ლეჩხუმი და ქვემო სვანეთი,ცაგერი,1009,2015,,მაღალმთიანი
სამეგრელო–ზემო სვანეთი,ფოთი,5992,2015,,მუნიციპალიტეტები
სამეგრელო–ზემო სვანეთი,აბაშა,2722,2015,,პატარა ქალაქები
სამეგრელო–ზემო სვანეთი,ზუგდიდი,13885,2015,,დიდი ქალაქები
სამეგრელო–ზემო სვანეთი,მარტვილი,4194,2015,,მუნიციპალიტეტები
სამეგრელო–ზემო სვანეთი,მესტია,1491,2015,,მაღალმთიანი
სამეგრელო–ზემო სვანეთი,სენაკი,5161,2015,,მუნიციპალიტეტები
სამეგრელო–ზემო სვანეთი,ჩხოროწყუ,2609,2015,,პატარა ქალაქები
სამეგრელო–ზემო სვანეთი,წალენჯიხა,3471,2015,,მუნიციპალიტეტები
სამეგრელო–ზემო სვანეთი,ხობი,3763,2015,,მუნიციპალიტეტები
სამცხე–ჯავახეთი,ადიგენი,2239,2015,,პატარა ქალაქები
სამცხე–ჯავახეთი,ასპინძა,1555,2015,,პატარა ქალაქები
სამცხე–ჯავახეთი,ახალქალაქი,7315,2015,,მაღალმთიანი
სამცხე–ჯავახეთი,ახალციხე,6169,2015,,მუნიციპალიტეტები
სამცხე–ჯავახეთი,ბორჯომი,3615,2015,,მუნიციპალიტეტები
სამცხე–ჯავახეთი,ნინოწმინდა,3917,2015,,მაღალმთიანი
ქვემო ქართლი,რუსთავი,20167,2015,,დიდი ქალაქები
ქვემო ქართლი,ბოლნისი,7326,2015,,მუნიციპალიტეტები
ქვემო ქართლი,გარდაბნი,12206,2015,,დიდი ქალაქები
ქვემო ქართლი,დმანისი,2881,2015,,პატარა ქალაქები
ქვემო ქართლი,თეთრი წყარო,2860,2015,,პატარა ქალაქები
ქვემო ქართლი,მარნეული,17450,2015,,დიდი ქალაქები
ქვემო ქართლი,წალკა,3156,2015,,პატარა ქალაქები
შიდა ქართლი,გორი,18252,2015,,დიდი ქალაქები
შიდა ქართლი,კასპი,5394,2015,,მუნიციპალიტეტები
შიდა ქართლი,ქარელი,5681,2015,,მუნიციპალიტეტები
შიდა ქართლი,ხაშური,7826,2015,,10 ქალაქები
შიდა ქართლი,ერედვი,,2015,,პატარა ქალაქები
შიდა ქართლი,თიღვა,,2015,,პატარა ქალაქები
შიდა ქართლი,ქურთა,,2015,,პატარა ქალაქები
თბილისი,თბილისი,187661,2016,,დედაქალაქი
აფხაზეთის არ,აფხაზეთი,2260,2016,,აფხაზეთი
აჭარის არ,ბათუმი,28612,2016,,დიდი ქალაქები
აჭარის არ,ქედა,2268,2016,,მაღალმთიანი
აჭარის არ,ქობულეთი,11119,2016,,10 ქალაქები
აჭარის არ,შუახევი,2174,2016,,მაღალმთიანი
აჭარის არ,ხელვაჩაური,7258,2016,,10 ქალაქები
აჭარის არ,ხულო,3785,2016,,მაღალმთიანი
გურია,ლანჩხუთი,3762,2016,,მუნიციპალიტეტები
გურია,ოზურგეთი,8168,2016,,10 ქალაქები
გურია,ჩოხატაური,2448,2016,,პატარა ქალაქები
იმერეთი,ქუთაისი,28039,2016,,დიდი ქალაქები
იმერეთი,ტყიბული,2215,2016,,პატარა ქალაქები
იმერეთი,წყალტუბო,5514,2016,,მუნიციპალიტეტები
იმერეთი,ჭიათური,5330,2016,,მუნიციპალიტეტები
იმერეთი,ბაღდათი,2389,2016,,პატარა ქალაქები
იმერეთი,ვანი,2562,2016,,პატარა ქალაქები
იმერეთი,ზესტაფონი,8487,2016,,10 ქალაქები
იმერეთი,თერჯოლა,3675,2016,,მუნიციპალიტეტები
იმერეთი,სამტრედია,6283,2016,,მუნიციპალიტეტები
იმერეთი,საჩხერე,5316,2016,,მუნიციპალიტეტები
იმერეთი,ხარაგაული,2212,2016,,პატარა ქალაქები
იმერეთი,ხონი,2758,2016,,პატარა ქალაქები
კახეთი,ახმეტა,4685,2016,,მუნიციპალიტეტები
კახეთი,გურჯაანი,6646,2016,,მუნიციპალიტეტები
კახეთი,დედოფლისწყარო,2747,2016,,პატარა ქალაქები
კახეთი,თელავი,8130,2016,,10 ქალაქები
კახეთი,ლაგოდეხი,6108,2016,,მუნიციპალიტეტები
კახეთი,საგარეჯო,7430,2016,,მუნიციპალიტეტები
კახეთი,სიღნაღი,3576,2016,,მუნიციპალიტეტები
კახეთი,ყვარლი,3593,2016,,მუნიციპალიტეტები
მცხეთა–მთიანეთი,ახალგორი,,2016,,პატარა ქალაქები
მცხეთა–მთიანეთი,დუშეთი,3219,2016,,მაღალმთიანი
მცხეთა–მთიანეთი,თიანეთი,999,2016,,პატარა ქალაქები
მცხეთა–მთიანეთი,მცხეთა,6748,2016,,მუნიციპალიტეტები
მცხეთა–მთიანეთი,ყაზბეგი,518,2016,,მაღალმთიანი
რაჭა-ლეჩხუმი და ქვემო სვანეთი,ამბროლაური,1044,2016,,მაღალმთიანი
რაჭა-ლეჩხუმი და ქვემო სვანეთი,ლენტეხი,574,2016,,მაღალმთიანი
რაჭა-ლეჩხუმი და ქვემო სვანეთი,ონი,557,2016,,მაღალმთიანი
რაჭა-ლეჩხუმი და ქვემო სვანეთი,ცაგერი,961,2016,,მაღალმთიანი
სამეგრელო–ზემო სვანეთი,ფოთი,6022,2016,,მუნიციპალიტეტები
სამეგრელო–ზემო სვანეთი,აბაშა,2681,2016,,პატარა ქალაქები
სამეგრელო–ზემო სვანეთი,ზუგდიდი,14031,2016,,დიდი ქალაქები
სამეგრელო–ზემო სვანეთი,მარტვილი,4130,2016,,მუნიციპალიტეტები
სამეგრელო–ზემო სვანეთი,მესტია,1470,2016,,მაღალმთიანი
სამეგრელო–ზემო სვანეთი,სენაკი,5190,2016,,მუნიციპალიტეტები
სამეგრელო–ზემო სვანეთი,ჩხოროწყუ,2609,2016,,პატარა ქალაქები
სამეგრელო–ზემო სვანეთი,წალენჯიხა,3451,2016,,მუნიციპალიტეტები
სამეგრელო–ზემო სვანეთი,ხობი,3709,2016,,მუნიციპალიტეტები
სამცხე–ჯავახეთი,ადიგენი,2237,2016,,პატარა ქალაქები
სამცხე–ჯავახეთი,ასპინძა,1539,2016,,პატარა ქალაქები
სამცხე–ჯავახეთი,ახალქალაქი,7255,2016,,მაღალმთიანი
სამცხე–ჯავახეთი,ახალციხე,6230,2016,,მუნიციპალიტეტები
სამცხე–ჯავახეთი,ბორჯომი,3611,2016,,მუნიციპალიტეტები
სამცხე–ჯავახეთი,ნინოწმინდა,3873,2016,,მაღალმთიანი
ქვემო ქართლი,რუსთავი,20760,2016,,დიდი ქალაქები
ქვემო ქართლი,ბოლნისი,7537,2016,,მუნიციპალიტეტები
ქვემო ქართლი,გარდაბნი,12439,2016,,დიდი ქალაქები
ქვემო ქართლი,დმანისი,2903,2016,,პატარა ქალაქები
ქვემო ქართლი,თეთრი წყარო,2912,2016,,პატარა ქალაქები
ქვემო ქართლი,მარნეული,17850,2016,,დიდი ქალაქები
ქვემო ქართლი,წალკა,3049,2016,,პატარა ქალაქები
შიდა ქართლი,გორი,18526,2016,,დიდი ქალაქები
შიდა ქართლი,კასპი,5368,2016,,მუნიციპალიტეტები
შიდა ქართლი,ქარელი,5724,2016,,მუნიციპალიტეტები
შიდა ქართლი,ხაშური,7793,2016,,10 ქალაქები
შიდა ქართლი,ერედვი,,2016,,პატარა ქალაქები
შიდა ქართლი,თიღვა,,2016,,პატარა ქალაქები
შიდა ქართლი,ქურთა,,2016,,პატარა ქალაქები
თბილისი,თბილისი,194110,2017,,დედაქალაქი
აფხაზეთის არ,აფხაზეთი,2286,2017,,აფხაზეთი
აჭარის არ,ბათუმი,29843,2017,,დიდი ქალაქები
აჭარის არ,ქედა,2202,2017,,მაღალმთიანი
აჭარის არ,ქობულეთი,11350,2017,,10 ქალაქები
აჭარის არ,შუახევი,1984,2017,,მაღალმთიანი
აჭარის არ,ხელვაჩაური,7390,2017,,10 ქალაქები
აჭარის არ,ხულო,3478,2017,,მაღალმთიანი
გურია,ლანჩხუთი,3731,2017,,მუნიციპალიტეტები
გურია,ოზურგეთი,8259,2017,,10 ქალაქები
გურია,ჩოხატაური,2435,2017,,პატარა ქალაქები
იმერეთი,ქუთაისი,29155,2017,,დიდი ქალაქები
იმერეთი,ტყიბული,2215,2017,,პატარა ქალაქები
იმერეთი,წყალტუბო,5560,2017,,მუნიციპალიტეტები
იმერეთი,ჭიათური,5275,2017,,მუნიციპალიტეტები
იმერეთი,ბაღდათი,2400,2017,,პატარა ქალაქები
იმერეთი,ვანი,2594,2017,,პატარა ქალაქები
იმერეთი,ზესტაფონი,8534,2017,,10 ქალაქები
იმერეთი,თერჯოლა,3679,2017,,მუნიციპალიტეტები
იმერეთი,სამტრედია,6386,2017,,მუნიციპალიტეტები
იმერეთი,საჩხერე,5257,2017,,მუნიციპალიტეტები
იმერეთი,ხარაგაული,2182,2017,,პატარა ქალაქები
იმერეთი,ხონი,2801,2017,,პატარა ქალაქები
კახეთი,ახმეტა,4684,2017,,მუნიციპალიტეტები
კახეთი,გურჯაანი,6676,2017,,მუნიციპალიტეტები
კახეთი,დედოფლისწყარო,2726,2017,,პატარა ქალაქები
კახეთი,თელავი,8078,2017,,10 ქალაქები
კახეთი,ლაგოდეხი,6102,2017,,მუნიციპალიტეტები
კახეთი,საგარეჯო,7511,2017,,მუნიციპალიტეტები
კახეთი,სიღნაღი,3516,2017,,მუნიციპალიტეტები
კახეთი,ყვარლი,3566,2017,,მუნიციპალიტეტები
მცხეთა–მთიანეთი,ახალგორი,,2017,,პატარა ქალაქები
მცხეთა–მთიანეთი,დუშეთი,3222,2017,,მაღალმთიანი
მცხეთა–მთიანეთი,თიანეთი,1017,2017,,პატარა ქალაქები
მცხეთა–მთიანეთი,მცხეთა,6956,2017,,მუნიციპალიტეტები
მცხეთა–მთიანეთი,ყაზბეგი,508,2017,,მაღალმთიანი
რაჭა-ლეჩხუმი და ქვემო სვანეთი,ამბროლაური,1020,2017,,მაღალმთიანი
რაჭა-ლეჩხუმი და ქვემო სვანეთი,ლენტეხი,536,2017,,მაღალმთიანი
რაჭა-ლეჩხუმი და ქვემო სვანეთი,ონი,538,2017,,მაღალმთიანი
რაჭა-ლეჩხუმი და ქვემო სვანეთი,ცაგერი,919,2017,,მაღალმთიანი
სამეგრელო–ზემო სვანეთი,ფოთი,6146,2017,,მუნიციპალიტეტები
სამეგრელო–ზემო სვანეთი,აბაშა,2627,2017,,პატარა ქალაქები
სამეგრელო–ზემო სვანეთი,ზუგდიდი,14196,2017,,დიდი ქალაქები
სამეგრელო–ზემო სვანეთი,მარტვილი,4108,2017,,მუნიციპალიტეტები
სამეგრელო–ზემო სვანეთი,მესტია,1484,2017,,მაღალმთიანი
სამეგრელო–ზემო სვანეთი,სენაკი,5184,2017,,მუნიციპალიტეტები
სამეგრელო–ზემო სვანეთი,ჩხოროწყუ,2609,2017,,პატარა ქალაქები
სამეგრელო–ზემო სვანეთი,წალენჯიხა,3483,2017,,მუნიციპალიტეტები
სამეგრელო–ზემო სვანეთი,ხობი,3659,2017,,მუნიციპალიტეტები
სამცხე–ჯავახეთი,ადიგენი,2173,2017,,პატარა ქალაქები
სამცხე–ჯავახეთი,ასპინძა,1546,2017,,პატარა ქალაქები
სამცხე–ჯავახეთი,ახალქალაქი,7144,2017,,მაღალმთიანი
სამცხე–ჯავახეთი,ახალციხე,6341,2017,,მუნიციპალიტეტები
სამცხე–ჯავახეთი,ბორჯომი,3570,2017,,მუნიციპალიტეტები
სამცხე–ჯავახეთი,ნინოწმინდა,3844,2017,,მაღალმთიანი
ქვემო ქართლი,რუსთავი,21422,2017,,დიდი ქალაქები
ქვემო ქართლი,ბოლნისი,7721,2017,,მუნიციპალიტეტები
ქვემო ქართლი,გარდაბნი,12602,2017,,დიდი ქალაქები
ქვემო ქართლი,დმანისი,2886,2017,,პატარა ქალაქები
ქვემო ქართლი,თეთრი წყარო,2924,2017,,პატარა ქალაქები
ქვემო ქართლი,მარნეული,18067,2017,,დიდი ქალაქები
ქვემო ქართლი,წალკა,2963,2017,,პატარა ქალაქები
შიდა ქართლი,გორი,18801,2017,,დიდი ქალაქები
შიდა ქართლი,კასპი,5393,2017,,მუნიციპალიტეტები
შიდა ქართლი,ქარელი,5751,2017,,მუნიციპალიტეტები
შიდა ქართლი,ხაშური,7856,2017,,10 ქალაქები
შიდა ქართლი,ერედვი,,2017,,პატარა ქალაქები
შიდა ქართლი,თიღვა,,2017,,პატარა ქალაქები
შიდა ქართლი,ქურთა,,2017,,პატარა ქალაქები
თბილისი,თბილისი,200198,2018,,დედაქალაქი
აფხაზეთის არ,აფხაზეთი,2325,2018,,აფხაზეთი
აჭარის არ,ბათუმი,31497,2018,,დიდი ქალაქები
აჭარის არ,ქედა,2172,2018,,მაღალმთიანი
აჭარის არ,ქობულეთი,11456,2018,,10 ქალაქები
აჭარის არ,შუახევი,1829,2018,,მაღალმთიანი
აჭარის არ,ხელვაჩაური,7538,2018,,10 ქალაქები
აჭარის არ,ხულო,3334,2018,,მაღალმთიანი
გურია,ლანჩხუთი,3655,2018,,მუნიციპალიტეტები
გურია,ოზურგეთი,8188,2018,,10 ქალაქები
გურია,ჩოხატაური,2398,2018,,პატარა ქალაქები
იმერეთი,ქუთაისი,29962,2018,,დიდი ქალაქები
იმერეთი,ტყიბული,2234,2018,,პატარა ქალაქები
იმერეთი,წყალტუბო,5500,2018,,მუნიციპალიტეტები
იმერეთი,ჭიათური,5231,2018,,მუნიციპალიტეტები
იმერეთი,ბაღდათი,2437,2018,,პატარა ქალაქები
იმერეთი,ვანი,2598,2018,,პატარა ქალაქები
იმერეთი,ზესტაფონი,8427,2018,,10 ქალაქები
იმერეთი,თერჯოლა,3654,2018,,მუნიციპალიტეტები
იმერეთი,სამტრედია,6383,2018,,მუნიციპალიტეტები
იმერეთი,საჩხერე,5191,2018,,მუნიციპალიტეტები
იმერეთი,ხარაგაული,2144,2018,,პატარა ქალაქები
იმერეთი,ხონი,2842,2018,,პატარა ქალაქები
კახეთი,ახმეტა,4546,2018,,მუნიციპალიტეტები
კახეთი,გურჯაანი,6675,2018,,მუნიციპალიტეტები
კახეთი,დედოფლისწყარო,2632,2018,,პატარა ქალაქები
კახეთი,თელავი,8095,2018,,10 ქალაქები
კახეთი,ლაგოდეხი,6100,2018,,მუნიციპალიტეტები
კახეთი,საგარეჯო,7675,2018,,მუნიციპალიტეტები
კახეთი,სიღნაღი,3434,2018,,მუნიციპალიტეტები
კახეთი,ყვარლი,3550,2018,,მუნიციპალიტეტები
მცხეთა–მთიანეთი,ახალგორი,,2018,,პატარა ქალაქები
მცხეთა–მთიანეთი,დუშეთი,3205,2018,,მაღალმთიანი
მცხეთა–მთიანეთი,თიანეთი,1015,2018,,პატარა ქალაქები
მცხეთა–მთიანეთი,მცხეთა,7153,2018,,მუნიციპალიტეტები
მცხეთა–მთიანეთი,ყაზბეგი,526,2018,,მაღალმთიანი
რაჭა-ლეჩხუმი და ქვემო სვანეთი,ამბროლაური,1001,2018,,მაღალმთიანი
რაჭა-ლეჩხუმი და ქვემო სვანეთი,ლენტეხი,520,2018,,მაღალმთიანი
რაჭა-ლეჩხუმი და ქვემო სვანეთი,ონი,541,2018,,მაღალმთიანი
რაჭა-ლეჩხუმი და ქვემო სვანეთი,ცაგერი,892,2018,,მაღალმთიანი
სამეგრელო–ზემო სვანეთი,ფოთი,6253,2018,,მუნიციპალიტეტები
სამეგრელო–ზემო სვანეთი,აბაშა,2534,2018,,პატარა ქალაქები
სამეგრელო–ზემო სვანეთი,ზუგდიდი,14384,2018,,დიდი ქალაქები
სამეგრელო–ზემო სვანეთი,მარტვილი,4081,2018,,მუნიციპალიტეტები
სამეგრელო–ზემო სვანეთი,მესტია,1486,2018,,მაღალმთიანი
სამეგრელო–ზემო სვანეთი,სენაკი,5234,2018,,მუნიციპალიტეტები
სამეგრელო–ზემო სვანეთი,ჩხოროწყუ,2647,2018,,პატარა ქალაქები
სამეგრელო–ზემო სვანეთი,წალენჯიხა,3487,2018,,მუნიციპალიტეტები
სამეგრელო–ზემო სვანეთი,ხობი,3578,2018,,მუნიციპალიტეტები
სამცხე–ჯავახეთი,ადიგენი,2157,2018,,პატარა ქალაქები
სამცხე–ჯავახეთი,ასპინძა,1528,2018,,პატარა ქალაქები
სამცხე–ჯავახეთი,ახალქალაქი,7154,2018,,მაღალმთიანი
სამცხე–ჯავახეთი,ახალციხე,6318,2018,,მუნიციპალიტეტები
სამცხე–ჯავახეთი,ბორჯომი,3559,2018,,მუნიციპალიტეტები
სამცხე–ჯავახეთი,ნინოწმინდა,3816,2018,,მაღალმთიანი
ქვემო ქართლი,რუსთავი,21906,2018,,დიდი ქალაქები
ქვემო ქართლი,ბოლნისი,7816,2018,,მუნიციპალიტეტები
ქვემო ქართლი,გარდაბნი,12840,2018,,დიდი ქალაქები
ქვემო ქართლი,დმანისი,2894,2018,,პატარა ქალაქები
ქვემო ქართლი,თეთრი წყარო,2914,2018,,პატარა ქალაქები
ქვემო ქართლი,მარნეული,18347,2018,,დიდი ქალაქები
ქვემო ქართლი,წალკა,2889,2018,,პატარა ქალაქები
შიდა ქართლი,გორი,18806,2018,,დიდი ქალაქები
შიდა ქართლი,კასპი,5382,2018,,მუნიციპალიტეტები
შიდა ქართლი,ქარელი,5764,2018,,მუნიციპალიტეტები
შიდა ქართლი,ხაშური,7847,2018,,10 ქალაქები
შიდა ქართლი,ერედვი,,2018,,პატარა ქალაქები
შიდა ქართლი,თიღვა,,2018,,პატარა ქალაქები
შიდა ქართლი,ქურთა,,2018,,პატარა ქალაქები
თბილისი,თბილისი,205829,2019,,დედაქალაქი
აფხაზეთის არ,აფხაზეთი,2337,2019,,აფხაზეთი
აჭარის არ,ბათუმი,32962,2019,,დიდი ქალაქები
აჭარის არ,ქედა,2107,2019,,მაღალმთიანი
აჭარის არ,ქობულეთი,11481,2019,,10 ქალაქები
აჭარის არ,შუახევი,1701,2019,,მაღალმთიანი
აჭარის არ,ხელვაჩაური,7643,2019,,10 ქალაქები
აჭარის არ,ხულო,3174,2019,,მაღალმთიანი
გურია,ლანჩხუთი,3636,2019,,მუნიციპალიტეტები
გურია,ოზურგეთი,8110,2019,,10 ქალაქები
გურია,ჩოხატაური,2419,2019,,პატარა ქალაქები
იმერეთი,ქუთაისი,30544,2019,,დიდი ქალაქები
იმერეთი,ტყიბული,2207,2019,,პატარა ქალაქები
იმერეთი,წყალტუბო,5449,2019,,მუნიციპალიტეტები
იმერეთი,ჭიათური,5142,2019,,მუნიციპალიტეტები
იმერეთი,ბაღდათი,2410,2019,,პატარა ქალაქები
იმერეთი,ვანი,2637,2019,,პატარა ქალაქები
იმერეთი,ზესტაფონი,8341,2019,,10 ქალაქები
იმერეთი,თერჯოლა,3620,2019,,მუნიციპალიტეტები
იმერეთი,სამტრედია,6442,2019,,მუნიციპალიტეტები
იმერეთი,საჩხერე,5116,2019,,მუნიციპალიტეტები
იმერეთი,ხარაგაული,2073,2019,,პატარა ქალაქები
იმერეთი,ხონი,2933,2019,,პატარა ქალაქები
კახეთი,ახმეტა,4504,2019,,მუნიციპალიტეტები
კახეთი,გურჯაანი,6775,2019,,მუნიციპალიტეტები
კახეთი,დედოფლისწყარო,2614,2019,,პატარა ქალაქები
კახეთი,თელავი,8197,2019,,10 ქალაქები
კახეთი,ლაგოდეხი,6091,2019,,მუნიციპალიტეტები
კახეთი,საგარეჯო,7841,2019,,მუნიციპალიტეტები
კახეთი,სიღნაღი,3433,2019,,მუნიციპალიტეტები
კახეთი,ყვარლი,3645,2019,,მუნიციპალიტეტები
მცხეთა–მთიანეთი,ახალგორი,,2019,,პატარა ქალაქები
მცხეთა–მთიანეთი,დუშეთი,3126,2019,,მაღალმთიანი
მცხეთა–მთიანეთი,თიანეთი,1053,2019,,პატარა ქალაქები
მცხეთა–მთიანეთი,მცხეთა,7337,2019,,მუნიციპალიტეტები
მცხეთა–მთიანეთი,ყაზბეგი,563,2019,,მაღალმთიანი
რაჭა-ლეჩხუმი და ქვემო სვანეთი,ამბროლაური,1030,2019,,მაღალმთიანი
რაჭა-ლეჩხუმი და ქვემო სვანეთი,ლენტეხი,505,2019,,მაღალმთიანი
რაჭა-ლეჩხუმი და ქვემო სვანეთი,ონი,533,2019,,მაღალმთიანი
რაჭა-ლეჩხუმი და ქვემო სვანეთი,ცაგერი,860,2019,,მაღალმთიანი
სამეგრელო–ზემო სვანეთი,ფოთი,6278,2019,,მუნიციპალიტეტები
სამეგრელო–ზემო სვანეთი,აბაშა,2519,2019,,პატარა ქალაქები
სამეგრელო–ზემო სვანეთი,ზუგდიდი,14574,2019,,დიდი ქალაქები
სამეგრელო–ზემო სვანეთი,მარტვილი,4088,2019,,მუნიციპალიტეტები
სამეგრელო–ზემო სვანეთი,მესტია,1492,2019,,მაღალმთიანი
სამეგრელო–ზემო სვანეთი,სენაკი,5272,2019,,მუნიციპალიტეტები
სამეგრელო–ზემო სვანეთი,ჩხოროწყუ,2595,2019,,პატარა ქალაქები
სამეგრელო–ზემო სვანეთი,წალენჯიხა,3500,2019,,მუნიციპალიტეტები
სამეგრელო–ზემო სვანეთი,ხობი,3522,2019,,მუნიციპალიტეტები
სამცხე–ჯავახეთი,ადიგენი,2131,2019,,პატარა ქალაქები
სამცხე–ჯავახეთი,ასპინძა,1504,2019,,პატარა ქალაქები
სამცხე–ჯავახეთი,ახალქალაქი,7049,2019,,მაღალმთიანი
სამცხე–ჯავახეთი,ახალციხე,6325,2019,,მუნიციპალიტეტები
სამცხე–ჯავახეთი,ბორჯომი,3540,2019,,მუნიციპალიტეტები
სამცხე–ჯავახეთი,ნინოწმინდა,3875,2019,,მაღალმთიანი
ქვემო ქართლი,რუსთავი,22332,2019,,დიდი ქალაქები
ქვემო ქართლი,ბოლნისი,7944,2019,,მუნიციპალიტეტები
ქვემო ქართლი,გარდაბნი,12905,2019,,დიდი ქალაქები
ქვემო ქართლი,დმანისი,2800,2019,,პატარა ქალაქები
ქვემო ქართლი,თეთრი წყარო,2955,2019,,პატარა ქალაქები
ქვემო ქართლი,მარნეული,18729,2019,,დიდი ქალაქები
ქვემო ქართლი,წალკა,2762,2019,,პატარა ქალაქები
შიდა ქართლი,გორი,18710,2019,,დიდი ქალაქები
შიდა ქართლი,კასპი,5422,2019,,მუნიციპალიტეტები
შიდა ქართლი,ქარელი,5857,2019,,მუნიციპალიტეტები
შიდა ქართლი,ხაშური,7783,2019,,10 ქალაქები
შიდა ქართლი,ერედვი,,2019,,პატარა ქალაქები
შიდა ქართლი,თიღვა,,2019,,პატარა ქალაქები
შიდა ქართლი,ქურთა,,2019,,პატარა ქალაქები
თბილისი,თბილისი,212425,2020,,დედაქალაქი
აფხაზეთის არ,აფხაზეთი,2372,2020,,აფხაზეთი
აჭარის არ,ბათუმი,34651,2020,,დიდი ქალაქები
აჭარის არ,ქედა,2079,2020,,მაღალმთიანი
აჭარის არ,ქობულეთი,11898,2020,,10 ქალაქები
აჭარის არ,შუახევი,1663,2020,,მაღალმთიანი
აჭარის არ,ხელვაჩაური,7872,2020,,10 ქალაქები
აჭარის არ,ხულო,3110,2020,,მაღალმთიანი
გურია,ლანჩხუთი,3645,2020,,მუნიციპალიტეტები
გურია,ოზურგეთი,8294,2020,,10 ქალაქები
გურია,ჩოხატაური,2432,2020,,პატარა ქალაქები
იმერეთი,ქუთაისი,31564,2020,,დიდი ქალაქები
იმერეთი,ტყიბული,2258,2020,,პატარა ქალაქები
იმერეთი,წყალტუბო,5567,2020,,მუნიციპალიტეტები
იმერეთი,ჭიათური,5163,2020,,მუნიციპალიტეტები
იმერეთი,ბაღდათი,2491,2020,,პატარა ქალაქები
იმერეთი,ვანი,2670,2020,,პატარა ქალაქები
იმერეთი,ზესტაფონი,8485,2020,,10 ქალაქები
იმერეთი,თერჯოლა,3657,2020,,მუნიციპალიტეტები
იმერეთი,სამტრედია,6612,2020,,მუნიციპალიტეტები
იმერეთი,საჩხერე,5152,2020,,მუნიციპალიტეტები
იმერეთი,ხარაგაული,2083,2020,,პატარა ქალაქები
იმერეთი,ხონი,2980,2020,,პატარა ქალაქები
კახეთი,ახმეტა,4584,2020,,მუნიციპალიტეტები
კახეთი,გურჯაანი,6984,2020,,მუნიციპალიტეტები
კახეთი,დედოფლისწყარო,2646,2020,,პატარა ქალაქები
კახეთი,თელავი,8463,2020,,10 ქალაქები
კახეთი,ლაგოდეხი,6265,2020,,მუნიციპალიტეტები
კახეთი,საგარეჯო,8140,2020,,მუნიციპალიტეტები
კახეთი,სიღნაღი,3448,2020,,მუნიციპალიტეტები
კახეთი,ყვარლი,3813,2020,,მუნიციპალიტეტები
მცხეთა–მთიანეთი,ახალგორი,,2020,,პატარა ქალაქები
მცხეთა–მთიანეთი,დუშეთი,3204,2020,,მაღალმთიანი
მცხეთა–მთიანეთი,თიანეთი,1066,2020,,პატარა ქალაქები
მცხეთა–მთიანეთი,მცხეთა,7625,2020,,მუნიციპალიტეტები
მცხეთა–მთიანეთი,ყაზბეგი,596,2020,,მაღალმთიანი
რაჭა-ლეჩხუმი და ქვემო სვანეთი,ამბროლაური,1039,2020,,მაღალმთიანი
რაჭა-ლეჩხუმი და ქვემო სვანეთი,ლენტეხი,498,2020,,მაღალმთიანი
რაჭა-ლეჩხუმი და ქვემო სვანეთი,ონი,542,2020,,მაღალმთიანი
რაჭა-ლეჩხუმი და ქვემო სვანეთი,ცაგერი,860,2020,,მაღალმთიანი
სამეგრელო–ზემო სვანეთი,ფოთი,6419,2020,,მუნიციპალიტეტები
სამეგრელო–ზემო სვანეთი,აბაშა,2513,2020,,პატარა ქალაქები
სამეგრელო–ზემო სვანეთი,ზუგდიდი,14885,2020,,დიდი ქალაქები
სამეგრელო–ზემო სვანეთი,მარტვილი,4088,2020,,მუნიციპალიტეტები
სამეგრელო–ზემო სვანეთი,მესტია,1568,2020,,მაღალმთიანი
სამეგრელო–ზემო სვანეთი,სენაკი,5372,2020,,მუნიციპალიტეტები
სამეგრელო–ზემო სვანეთი,ჩხოროწყუ,2625,2020,,პატარა ქალაქები
სამეგრელო–ზემო სვანეთი,წალენჯიხა,3567,2020,,მუნიციპალიტეტები
სამეგრელო–ზემო სვანეთი,ხობი,3654,2020,,მუნიციპალიტეტები
სამცხე–ჯავახეთი,ადიგენი,2158,2020,,პატარა ქალაქები
სამცხე–ჯავახეთი,ასპინძა,1509,2020,,პატარა ქალაქები
სამცხე–ჯავახეთი,ახალქალაქი,7091,2020,,მაღალმთიანი
სამცხე–ჯავახეთი,ახალციხე,6460,2020,,მუნიციპალიტეტები
სამცხე–ჯავახეთი,ბორჯომი,3568,2020,,მუნიციპალიტეტები
სამცხე–ჯავახეთი,ნინოწმინდა,3909,2020,,მაღალმთიანი
ქვემო ქართლი,რუსთავი,22994,2020,,დიდი ქალაქები
ქვემო ქართლი,ბოლნისი,8140,2020,,მუნიციპალიტეტები
ქვემო ქართლი,გარდაბნი,13255,2020,,დიდი ქალაქები
ქვემო ქართლი,დმანისი,2865,2020,,პატარა ქალაქები
ქვემო ქართლი,თეთრი წყარო,2994,2020,,პატარა ქალაქები
ქვემო ქართლი,მარნეული,19288,2020,,დიდი ქალაქები
ქვემო ქართლი,წალკა,2775,2020,,პატარა ქალაქები
შიდა ქართლი,გორი,19183,2020,,დიდი ქალაქები
შიდა ქართლი,კასპი,5458,2020,,მუნიციპალიტეტები
შიდა ქართლი,ქარელი,5949,2020,,მუნიციპალიტეტები
შიდა ქართლი,ხაშური,7912,2020,,10 ქალაქები
შიდა ქართლი,ერედვი,,2020,,პატარა ქალაქები
შიდა ქართლი,თიღვა,,2020,,პატარა ქალაქები
შიდა ქართლი,ქურთა,,2020,,პატარა ქალაქები
თბილისი,თბილისი,219155,2021,,დედაქალაქი
აფხაზეთის არ,აფხაზეთი,2423,2021,,აფხაზეთი
აჭარის არ,ბათუმი,36592,2021,,დიდი ქალაქები
აჭარის არ,ქედა,2064,2021,,მაღალმთიანი
აჭარის არ,ქობულეთი,12292,2021,,10 ქალაქები
აჭარის არ,შუახევი,1586,2021,,მაღალმთიანი
აჭარის არ,ხელვაჩაური,8169,2021,,10 ქალაქები
აჭარის არ,ხულო,2942,2021,,მაღალმთიანი
გურია,ლანჩხუთი,3717,2021,,მუნიციპალიტეტები
გურია,ოზურგეთი,8356,2021,,10 ქალაქები
გურია,ჩოხატაური,2422,2021,,პატარა ქალაქები
იმერეთი,ქუთაისი,32581,2021,,დიდი ქალაქები
იმერეთი,ტყიბული,2299,2021,,პატარა ქალაქები
იმერეთი,წყალტუბო,5693,2021,,მუნიციპალიტეტები
იმერეთი,ჭიათური,5217,2021,,მუნიციპალიტეტები
იმერეთი,ბაღდათი,2540,2021,,პატარა ქალაქები
იმერეთი,ვანი,2744,2021,,პატარა ქალაქები
იმერეთი,ზესტაფონი,8532,2021,,10 ქალაქები
იმერეთი,თერჯოლა,3773,2021,,მუნიციპალიტეტები
იმერეთი,სამტრედია,6649,2021,,მუნიციპალიტეტები
იმერეთი,საჩხერე,5209,2021,,მუნიციპალიტეტები
იმერეთი,ხარაგაული,2159,2021,,პატარა ქალაქები
იმერეთი,ხონი,3025,2021,,პატარა ქალაქები
კახეთი,ახმეტა,4680,2021,,მუნიციპალიტეტები
კახეთი,გურჯაანი,7162,2021,,მუნიციპალიტეტები
კახეთი,დედოფლისწყარო,2657,2021,,პატარა ქალაქები
კახეთი,თელავი,8694,2021,,10 ქალაქები
კახეთი,ლაგოდეხი,6407,2021,,მუნიციპალიტეტები
კახეთი,საგარეჯო,8392,2021,,მუნიციპალიტეტები
კახეთი,სიღნაღი,3492,2021,,მუნიციპალიტეტები
კახეთი,ყვარლი,3902,2021,,მუნიციპალიტეტები
მცხეთა–მთიანეთი,ახალგორი,,2021,,პატარა ქალაქები
მცხეთა–მთიანეთი,დუშეთი,3273,2021,,მაღალმთიანი
მცხეთა–მთიანეთი,თიანეთი,1082,2021,,პატარა ქალაქები
მცხეთა–მთიანეთი,მცხეთა,7921,2021,,მუნიციპალიტეტები
მცხეთა–მთიანეთი,ყაზბეგი,612,2021,,მაღალმთიანი
რაჭა-ლეჩხუმი და ქვემო სვანეთი,ამბროლაური,1036,2021,,მაღალმთიანი
რაჭა-ლეჩხუმი და ქვემო სვანეთი,ლენტეხი,483,2021,,მაღალმთიანი
რაჭა-ლეჩხუმი და ქვემო სვანეთი,ონი,550,2021,,მაღალმთიანი
რაჭა-ლეჩხუმი და ქვემო სვანეთი,ცაგერი,838,2021,,მაღალმთიანი
სამეგრელო–ზემო სვანეთი,ფოთი,6570,2021,,მუნიციპალიტეტები
სამეგრელო–ზემო სვანეთი,აბაშა,2511,2021,,პატარა ქალაქები
სამეგრელო–ზემო სვანეთი,ზუგდიდი,15365,2021,,დიდი ქალაქები
სამეგრელო–ზემო სვანეთი,მარტვილი,4118,2021,,მუნიციპალიტეტები
სამეგრელო–ზემო სვანეთი,მესტია,1597,2021,,მაღალმთიანი
სამეგრელო–ზემო სვანეთი,სენაკი,5479,2021,,მუნიციპალიტეტები
სამეგრელო–ზემო სვანეთი,ჩხოროწყუ,2621,2021,,პატარა ქალაქები
სამეგრელო–ზემო სვანეთი,წალენჯიხა,3592,2021,,მუნიციპალიტეტები
სამეგრელო–ზემო სვანეთი,ხობი,3755,2021,,მუნიციპალიტეტები
სამცხე–ჯავახეთი,ადიგენი,2128,2021,,პატარა ქალაქები
სამცხე–ჯავახეთი,ასპინძა,1504,2021,,პატარა ქალაქები
სამცხე–ჯავახეთი,ახალქალაქი,7123,2021,,მაღალმთიანი
სამცხე–ჯავახეთი,ახალციხე,6502,2021,,მუნიციპალიტეტები
სამცხე–ჯავახეთი,ბორჯომი,3599,2021,,მუნიციპალიტეტები
სამცხე–ჯავახეთი,ნინოწმინდა,3876,2021,,მაღალმთიანი
ქვემო ქართლი,რუსთავი,23501,2021,,დიდი ქალაქები
ქვემო ქართლი,ბოლნისი,8209,2021,,მუნიციპალიტეტები
ქვემო ქართლი,გარდაბნი,13488,2021,,დიდი ქალაქები
ქვემო ქართლი,დმანისი,2856,2021,,პატარა ქალაქები
ქვემო ქართლი,თეთრი წყარო,2993,2021,,პატარა ქალაქები
ქვემო ქართლი,მარნეული,19833,2021,,დიდი ქალაქები
ქვემო ქართლი,წალკა,2769,2021,,პატარა ქალაქები
შიდა ქართლი,გორი,19580,2021,,დიდი ქალაქები
შიდა ქართლი,კასპი,5562,2021,,მუნიციპალიტეტები
შიდა ქართლი,ქარელი,6030,2021,,მუნიციპალიტეტები
შიდა ქართლი,ხაშური,8043,2021,,10 ქალაქები
შიდა ქართლი,ერედვი,,2021,,პატარა ქალაქები
შიდა ქართლი,თიღვა,,2021,,პატარა ქალაქები
შიდა ქართლი,ქურთა,,2021,,პატარა ქალაქები
თბილისი,თბილისი,224081,2022,,დედაქალაქი
აფხაზეთის არ,აფხაზეთი,2422,2022,,აფხაზეთი
აჭარის არ,ბათუმი,39483,2022,,დიდი ქალაქები
აჭარის არ,ქედა,2021,2022,,მაღალმთიანი
აჭარის არ,ქობულეთი,12460,2022,,10 ქალაქები
აჭარის არ,შუახევი,1448,2022,,მაღალმთიანი
აჭარის არ,ხელვაჩაური,8311,2022,,10 ქალაქები
აჭარის არ,ხულო,2717,2022,,მაღალმთიანი
გურია,ლანჩხუთი,3716,2022,,მუნიციპალიტეტები
გურია,ოზურგეთი,8396,2022,,10 ქალაქები
გურია,ჩოხატაური,2583,2022,,პატარა ქალაქები
იმერეთი,ქუთაისი,33203,2022,,დიდი ქალაქები
იმერეთი,ტყიბული,2271,2022,,პატარა ქალაქები
იმერეთი,წყალტუბო,5669,2022,,მუნიციპალიტეტები
იმერეთი,ჭიათური,5151,2022,,მუნიციპალიტეტები
იმერეთი,ბაღდათი,2503,2022,,პატარა ქალაქები
იმერეთი,ვანი,2776,2022,,პატარა ქალაქები
იმერეთი,ზესტაფონი,8548,2022,,10 ქალაქები
იმერეთი,თერჯოლა,3760,2022,,მუნიციპალიტეტები
იმერეთი,სამტრედია,6665,2022,,მუნიციპალიტეტები
იმერეთი,საჩხერე,5105,2022,,მუნიციპალიტეტები
იმერეთი,ხარაგაული,2125,2022,,პატარა ქალაქები
იმერეთი,ხონი,3053,2022,,პატარა ქალაქები
კახეთი,ახმეტა,4631,2022,,მუნიციპალიტეტები
კახეთი,გურჯაანი,7138,2022,,მუნიციპალიტეტები
კახეთი,დედოფლისწყარო,2696,2022,,პატარა ქალაქები
კახეთი,თელავი,8773,2022,,10 ქალაქები
კახეთი,ლაგოდეხი,6513,2022,,მუნიციპალიტეტები
კახეთი,საგარეჯო,8389,2022,,მუნიციპალიტეტები
კახეთი,სიღნაღი,3471,2022,,მუნიციპალიტეტები
კახეთი,ყვარლი,3936,2022,,მუნიციპალიტეტები
მცხეთა–მთიანეთი,ახალგორი,,2022,,პატარა ქალაქები
მცხეთა–მთიანეთი,დუშეთი,3182,2022,,მაღალმთიანი
მცხეთა–მთიანეთი,თიანეთი,1056,2022,,პატარა ქალაქები
მცხეთა–მთიანეთი,მცხეთა,7962,2022,,მუნიციპალიტეტები
მცხეთა–მთიანეთი,ყაზბეგი,621,2022,,მაღალმთიანი
რაჭა-ლეჩხუმი და ქვემო სვანეთი,ამბროლაური,1041,2022,,მაღალმთიანი
რაჭა-ლეჩხუმი და ქვემო სვანეთი,ლენტეხი,464,2022,,მაღალმთიანი
რაჭა-ლეჩხუმი და ქვემო სვანეთი,ონი,557,2022,,მაღალმთიანი
რაჭა-ლეჩხუმი და ქვემო სვანეთი,ცაგერი,821,2022,,მაღალმთიანი
სამეგრელო–ზემო სვანეთი,ფოთი,6581,2022,,მუნიციპალიტეტები
სამეგრელო–ზემო სვანეთი,აბაშა,2492,2022,,პატარა ქალაქები
სამეგრელო–ზემო სვანეთი,ზუგდიდი,15568,2022,,დიდი ქალაქები
სამეგრელო–ზემო სვანეთი,მარტვილი,4038,2022,,მუნიციპალიტეტები
სამეგრელო–ზემო სვანეთი,მესტია,1605,2022,,მაღალმთიანი
სამეგრელო–ზემო სვანეთი,სენაკი,5469,2022,,მუნიციპალიტეტები
სამეგრელო–ზემო სვანეთი,ჩხოროწყუ,2583,2022,,პატარა ქალაქები
სამეგრელო–ზემო სვანეთი,წალენჯიხა,3520,2022,,მუნიციპალიტეტები
სამეგრელო–ზემო სვანეთი,ხობი,3749,2022,,მუნიციპალიტეტები
სამცხე–ჯავახეთი,ადიგენი,2033,2022,,პატარა ქალაქები
სამცხე–ჯავახეთი,ასპინძა,1505,2022,,პატარა ქალაქები
სამცხე–ჯავახეთი,ახალქალაქი,7062,2022,,მაღალმთიანი
სამცხე–ჯავახეთი,ახალციხე,6457,2022,,მუნიციპალიტეტები
სამცხე–ჯავახეთი,ბორჯომი,3595,2022,,მუნიციპალიტეტები
სამცხე–ჯავახეთი,ნინოწმინდა,3825,2022,,მაღალმთიანი
ქვემო ქართლი,რუსთავი,23701,2022,,დიდი ქალაქები
ქვემო ქართლი,ბოლნისი,8165,2022,,მუნიციპალიტეტები
ქვემო ქართლი,გარდაბნი,13647,2022,,დიდი ქალაქები
ქვემო ქართლი,დმანისი,2874,2022,,პატარა ქალაქები
ქვემო ქართლი,თეთრი წყარო,3013,2022,,პატარა ქალაქები
ქვემო ქართლი,მარნეული,20170,2022,,დიდი ქალაქები
ქვემო ქართლი,წალკა,2683,2022,,პატარა ქალაქები
შიდა ქართლი,გორი,19663,2022,,დიდი ქალაქები
შიდა ქართლი,კასპი,5596,2022,,მუნიციპალიტეტები
შიდა ქართლი,ქარელი,6082,2022,,მუნიციპალიტეტები
შიდა ქართლი,ხაშური,8113,2022,,10 ქალაქები
შიდა ქართლი,ერედვი,,2022,,პატარა ქალაქები
შიდა ქართლი,თიღვა,,2022,,პატარა ქალაქები
შიდა ქართლი,ქურთა,,2022,,პატარა ქალაქები